(1983)	<pending>
Abbott (1913)	Abbott1913
Abbott & Dawson (1966)	Abbott1966
Abby-Kalio (1982)	<pending>
Abele (1972)	<pending>
Abele & Felgenhauer (1982)	<pending>
Abele & Kim (1986)	Abele1986
Abele & Kim (1989)	Abele1989
Abramowitz (1937)	Abramowitz1937
Abramowitz & Abramowitz (1938)	Abramowitz1938
Abramowitz & Abramowitz (1940)	Abramowitz1940
Abramson & Feinman (1986)	<pending>
Abreu (1975)	<pending>
Abrunhosa et al. (2011)	<pending>
Adamowicz & Purvis (2006)	<pending>
Adams & White (1848)	Adams1848
Adirwiryono et al. (1984)	Adirwiryono1984
Agassiz (?)	Agassiz_nd
Ahmed (1976)	<pending>
Ahmed (1978)	<pending>
Ahmed & Kahn (1976)	<pending>
Ahmed & Khan (1978)	<pending>
Aicher (1987)	<pending>
Aicher et al. (1983)	<pending>
Aicher & Tautz (1984)	<pending>
Aicher & Tautz (1990)	<pending>
Aikawa (1937)	Aikawa1937
Aikawa (1942)	Aikawa1942
Aiyun & Yuzhi (1986)	<pending>
Aizawa (2000)	<pending>
Al-Aidaroos (2013)	<pending>
Albrecht & von Hagen (1981)	<pending>
Alcock (1892)	Alcock1892
Alcock (1900)	Alcock1900
Alcock (1902)	Alcock1902
Alcock & Anderson (1894)	Alcock1894
Alcock (1997)	<pending>
Al-Ghais & Cooper (1996)	AlGhais1996
Alkaladi et al. (2013)	<pending>
Alkaladi & Zeil (2014)	<pending>
Allen (2007)	<pending>
Allen & Levinton (2002)	<pending>
Allen & Levinton (2004)	<pending>
Allen & Levinton (2007)	<pending>
Allen et al. (2012)	<pending>
Allen et al. (1995)	<pending>
Allen & Curran (1973)	<pending>
Allen & Curran (1974)	<pending>
Allen (1976)	<pending>
Allington-Jones et al. (2010)	<pending>
Almeida et al. (2010)	<pending>
al-Mossawi (2001)	<pending>
Al-Musawi & Wagner (2012)	<pending>
Altevogt (1955)	Altevogt1955.2
Altevogt (1955)	Altevogt1955.1
Altevogt (1956)	Altevogt1956.1
Altevogt (1956)	Altevogt1956.2
Altevogt (1957)	Altevogt1957.2
Altevogt (1957)	Altevogt1957.1
Altevogt (1959)	Altevogt1959.3
Altevogt (1959)	Altevogt1959.1
Altevogt (1959)	<pending>
Altevogt (1959)	Altevogt1959.2
Altevogt (1962)	Altevogt1962
Altevogt (1963)	Altevogt1963.1
Altevogt (1963)	Altevogt1963.2
Altevogt (1964)	Altevogt1964.1
Altevogt (1965)	Altevogt1965.2
Altevogt (1965)	Altevogt1965.1
Altevogt (1968)	Altevogt1968
Altevogt (1969)	Altevogt1969.2
Altevogt (1969)	Altevogt1969
Altevogt (1970)	Altevogt1970
Altevogt (1972)	Altevogt1972
Altevogt (1978)	<pending>
Altevogt (1988)	<pending>
Altevogt & Davis (1979)	<pending>
Altevogt & von Hagen (1964)	Altevogt1964.2
Alvarez Del Castillo-C et al. (1992)	<pending>
Alvarez (1968)	Alvarez1968
Amaral et al. (2009)	<pending>
Amaral et al. (2009)	<pending>
Anastasia et al. (1998)	<pending>
Andersen et al. (1990)	<pending>
Anderson et al. (2010)	<pending>
Andreetta et al. (2014)	<pending>
Andrews (1973)	<pending>
Anger et al. (1990)	<pending>
Anger et al. (1994)	<pending>
Anilkumar et al. (2006)	<pending>
Anilkumar et al. (2006)	<pending>
Aoki et al. (2003)	<pending>
Aoki et al. (2008)	<pending>
Aoki & Wada (2013)	<pending>
Aoki et al. (2010)	<pending>
Apel (2001)	Apel2001
Apel & Türkay (1999)	Apel1999
Araújo et al. (2012)	<pending>
Araujo et al. (2013)	<pending>
Armendariz (2005)	<pending>
Armendariz & Cesar (2006)	<pending>
Arnoux et al. (1990)	<pending>
Arnoux et al. (1990)	<pending>
Arnqvist (2006)	<pending>
Artal (2008)	Artal2008
Aschaffenburg (2008)	<pending>
Ashton et al. (2003)	<pending>
Ashton et al. (2003)	<pending>
Aspey (1971)	Aspey1971
Aspey (1978)	<pending>
Atkinson & Taylor (1988)	<pending>
Audouin (1829)	Audouin1829
Aurivillius (1893)	Aurivillius1893
Aurivillius (1898)	Aurivillius1898
Avent (1973)	<pending>
Avent (1974)	<pending>
Avent (1975)	<pending>
Ayers (1938)	Ayers1938
Azpeitia et al. (2013)	<pending>
Azzalina & Trainer (1985)	<pending>
Bachand (1979)	<pending>
Bachmann & Rheinsmith (1973)	<pending>
Backwell et al. (2000)	<pending>
Backwell & Jennions (2004)	<pending>
Backwell et al. (1999)	<pending>
Backwell et al. (1995)	<pending>
Backwell et al. (1998)	<pending>
Backwell et al. (2006)	<pending>
Backwell et al. (2007)	<pending>
Backwell et al. (1998)	<pending>
Backwell & Passmore (1996)	<pending>
Bairagi & Misra (1988)	Bairagi1988
Baird & Burleson (1970)	<pending>
Balbort & Thurman (1997)	Balbort1997
Balci et al. (2014)	<pending>
Baldwin (1976)	<pending>
Baldwin & Kirschener (1976)	<pending>
Baldwin & Kirschener (1976)	<pending>
Balss (1921)	Balss1921
Balss (1922)	Balss1922.2
Balss (1922)	Balss1922.1
Balss (1924)	Balss1924
Balss (1935)	Balss1935
Balss (1938)	Balss1938
Balss (1955)	<pending>
Balss & Gruner (1961)	Balss1961
Barden & Koulish (1983)	<pending>
Barnard (1925)	Barnard1925
Barnard (1950)	Barnard1950
Barnard et al. (2010)	<pending>
Barnard et al. (2012)	<pending>
Barnes (2010)	Barnes2010
Barnes (1975)	<pending>
Barnes (1975)	<pending>
Barnwell (1963)	Barnwell1963.2
Barnwell (1965)	<pending>
Barnwell (1966)	Barnwell1966
Barnwell (1968)	Barnwell1968.1
Barnwell (1968)	Barnwell1968.2
Barnwell (1976)	<pending>
Barnwell (1980)	Barnwell1980
Barnwell (1982)	Barnwell1982
Barnwell (1984)	Barnwell1984.3
Barnwell (1986)	Barnwell1986.1
Barnwell (1986)	Barnwell1986.2
Barnwell (1988)	<pending>
Barnwell (2002)	<pending>
Barnwell & Brown (1963)	Barnwell1963.1
Barnwell & Martini (1993)	<pending>
Barnwell & Matoyoshi (1970)	<pending>
Barnwell et al. (1983)	<pending>
Barnwell & Stillman (1990)	<pending>
Barnwell & Szelistowski (1985)	<pending>
Barnwell & Thurman (1983)	<pending>
Barnwell & Thurman (1984)	Barnwell1984.1
Barnwell et al. (1987)	<pending>
Barnwell & Zinnel (1981)	<pending>
Barnwell & Zinnel (1984)	Barnwell1984.2
Bartell (1966)	<pending>
Bartell (1967)	Bartell1967
Bartell & Fingerman (1969)	Bartell1969
Bartell et al. (1968)	Bartell1968
Bartell et al. (1971)	Bartell1971
Bartolini et al. (2011)	<pending>
Bartolini et al. (2009)	<pending>
Basan (1973)	<pending>
Basan & Frey (1977)	<pending>
Bate (1866)	Bate1866
Bate (1868)	Bate1868
Bate (1879)	Bate1879
Bates (1966)	<pending>
Baudouin (1903)	Baudouin1903
Baudouin (1906)	Baudouin1906
Baudouin (1906)	Baudouin1906.2
Becker & Hinsch (1982)	<pending>
Bedê et al. (2008)	<pending>
Bee (1988)	<pending>
Beebe (1928)	Beebe1928
Beebe (1951)	Beebe1951
Begg (1981)	<pending>
Behum et al. (2005)	<pending>
Beinlich (1990)	Beinlich1990
Beinlich & Polivka (1989)	<pending>
Beinlich & von Hagen (2006)	Beinlich2006
Bell et al. (1978)	<pending>
Benedict (1892)	Benedict1892
Benedict (1893)	Benedict1893
Benedict (1894)	Benedict1894
Benetti & Negreiros-Fransozo (2003)	<pending>
Benetti & Negreiros-Fransozo (2004)	<pending>
Benetti et al. (2007)	<pending>
Benetti et al. (2008)	<pending>
Benetti et al. (2013)	<pending>
Bennett (1964)	Bennett1964
Bennett (1963)	<pending>
Bennett & Brown (1959)	Bennett1959.1
Bennett & Brown (1959)	Bennett1959.2
Bennett et al. (1957)	Bennett1957
Bergey & Weis (2006)	<pending>
Bergey (2007)	<pending>
Bergey & Weis (2007)	<pending>
Bergey & Weis (2008)	<pending>
Bergin (1978)	<pending>
Bergin (1981)	<pending>
Berglund et al. (1996)	<pending>
Bertics (2009)	<pending>
Bertics & Ziebis (2009)	<pending>
Bertness (1985)	<pending>
Bertness & Miller (1984)	<pending>
Bezerra (2012)	Bezerra2012
Bezerra & Coelho (2009)	<pending>
Bezerra & Coelho (2010)	<pending>
Bezerra et al. (2006)	<pending>
Bezerra & Matthews-Cascon (2007)	<pending>
Bhunia et al. (1989)	<pending>
Bianconi (1869)	Bianconi1869
Bier et al. (2009)	<pending>
Bildstein et al. (1989)	<pending>
Biljlsma & de Rider (1991)	<pending>
Bingman & Cheng (2005)	<pending>
Blasco et al. (1999)	<pending>
Blasingame et al. (1990)	<pending>
Bliss (1968)	<pending>
Bliss (1982)	<pending>
Bliss et al. (1968)	<pending>
Bogazzi et al. (2001)	<pending>
Bolau (1878)	Bolau1878
Bolivar (1892)	Bolivar1892
Bolton et al. (2013)	<pending>
Bolton et al. (2011)	<pending>
Bones (1983)	<pending>
Bones et al. (1984)	<pending>
Booksmythe et al. (2008)	<pending>
Booksmythe et al. (2012)	<pending>
Booksmythe et al. (2010)	<pending>
Booksmythe et al. (2010)	<pending>
Booksmythe et al. (2011)	<pending>
Booksmythe et al. (2010)	<pending>
Boone (1927)	Boone1927
Boone (1929)	Boone1929
Boone (1930)	Boone1930
Boone (1934)	Boone1934
Booth et al. (1973)	<pending>
Borgianini (2008)	<pending>
Borgianini et al. (2005)	<pending>
Borgianini et al. (2007)	<pending>
Borgianini et al. (2012)	<pending>
Borgianini et al. (2007)	<pending>
Borradaile (1900)	Borradaile1900
Borradaile (1903)	Borradaile1903
Borradaile (1907)	Borradaile1907
Borradaile (1910)	Borradaile1910
Borst et al. (1987)	<pending>
Bosc (1802)	Bosc1802
Bosc (1830)	Bosc1830
Boschi (1964)	<pending>
Boshe (1982)	<pending>
Botos et al. (2000)	<pending>
Bott (1954)	Bott1954
Bott (1958)	Bott1958
Bott (1968)	Bott1968
Bott (1973)	Bott1973.1
Bott (1973)	Bott1973.2
Botto & Iribarne (2000)	<pending>
Botto et al. (2005)	<pending>
Bouillon et al. (2002)	Bouillon2002
Bourdon & Bowman (1970)	Bourdon1970
Bouvier (1895)	Bouvier1895
Bouvier (1906)	Bouvier1906
Bouvier (1915)	Bouvier1915
Bouvier (1921)	Bouvier1921
Bouvier (1940)	Bouvier1940
Bowerman (1977)	<pending>
Bowlus & Somero (1979)	<pending>
Boyce (1924)	Boyce1924
Boyko (2000)	<pending>
Boylan & Wenner (1993)	<pending>
Braithwaite & Talbot (1972)	Braithwaite1972
Brandt et al. (2010)	<pending>
Breteler et al. (1981)	<pending>
Brett (1960)	Brett1960
Brett et al. (1959)	Brett1959
Bright & Hogue (1972)	Bright1972
Brito Capello (1873)	BritoCapello1873
Brito Capello (1876)	BritoCapello1876
Brito (1972)	Brito1972
Brocchi (1875)	Brocchi1875
Brodie & Godley (2006)	<pending>
Brodie (2004)	<pending>
Brodie et al. (2005)	<pending>
Brodie & Godley (2006)	<pending>
Brodie & Staton (2004)	<pending>
Brodie & Staton (2003)	<pending>
Brodie et al. (2007)	<pending>
Brody et al. (2014)	Brody2014
Broghammer & Thurman (1996)	<pending>
Brood (1976)	<pending>
Brookins & Epifanio (1985)	<pending>
Broomhall (1983)	<pending>
Brösing (2010)	<pending>
Brösing & Türkay (2011)	<pending>
Brousseau et al. (2003)	<pending>
Brown (1950)	Brown1950
Brown (1960)	Brown1960
Brown et al. (1954)	Brown1954.1
Brown et al. (1955)	Brown1955.2
Brown et al. (1953)	Brown1953.2
Brown et al. (1953)	Brown1953.1
Brown et al. (1954)	Brown1954.2
Brown & Cunningham (1941)	Brown1941
Brown & Ederstrom (1940)	Brown1940.2
Brown & Fingerman (1951)	Brown1951.2
Brown et al. (1954)	Brown1954.3
Brown et al. (1953)	Brown1953.3
Brown et al. (1949)	Brown1949.2
Brown & Hines (1952)	Brown1952
Brown & Jones (1949)	Brown1949.2
Brown & Saigh (1946)	Brown1946.2
Brown & Sandeen (1946)	Brown1946
Brown & Sandeen (1948)	Brown1948.1
Brown & Scudamore (1940)	Brown1940
Brown & Stephens (1951)	Brown1951
Brown & Webb (1948)	Brown1948.2
Brown & Webb (1949)	Brown1949
Brown et al. (1955)	Brown1955
Brown et al. (1954)	Brown1954.4
Brown (1756)	Brown1756
Brown et al. (1979)	<pending>
Brown (1983)	<pending>
Brown & Loveland (1980)	<pending>
Brown & Loveland (1985)	<pending>
Brusca (1973)	<pending>
Brusca (1980)	Brusca1980
Buck et al. (2003)	<pending>
Buen & Lozano (1922)	Buen1922
Buitendijk (1947)	Buitendijk1947
Buitendijk (1950)	Buitendijk1950
Bumpus (1898)	Bumpus1898
Burford et al. (1997)	<pending>
Burford et al. (1998)	<pending>
Burford et al. (2000)	<pending>
Burford et al. (2000)	<pending>
Burford et al. (2001)	<pending>
Burford et al. (2001)	<pending>
Burford et al. (2001)	<pending>
Burger et al. (1991)	<pending>
Burger et al. (1992)	<pending>
Burger & Gochfeld (1992)	<pending>
Burgers (1958)	<pending>
Burggren & McMahon (1988)	<pending>
Burkenroad (1947)	Burkenroad1947
Burnett & Infantino (1984)	<pending>
Burns (1976)	<pending>
Burns & Teal (1979)	<pending>
Bursey (1982)	<pending>
Bursey (1985)	<pending>
Burton & Hopkins (2002)	<pending>
Butler (1987)	<pending>
Butler & Fingerman (1983)	<pending>
Butler & Fingerman (1984)	<pending>
Butler & Fingerman (1985)	<pending>
Butler & Fingerman (1986)	<pending>
Bywater et al. (2009)	<pending>
Bywater et al. (2011)	<pending>
Bywater et al. (2012)	<pending>
Bywater & Wilson (2010)	<pending>
Bywater & Wilson (2010)	<pending>
Bywater & Wilson (2012)	<pending>
Callahan & Weis (1983)	<pending>
Callander et al. (2012)	<pending>
Callander et al. (2013)	<pending>
Callander et al. (2011)	<pending>
Callander et al. (2012)	<pending>
Callander et al. (2013)	<pending>
Callicott & Mangum (1991)	<pending>
Callicott & Mangum (1993)	<pending>
Calman (1900)	Calman1900
Calman (1909)	Calman1909
Calman (1911)	Calman1911
Calman (1927)	Calman1927
Cameron & Forward (1993)	<pending>
Cammen (1980)	<pending>
Cammen et al. (1980)	<pending>
Cammen et al. (1984)	<pending>
Campion (1974)	<pending>
Campos & de Campos (1989)	Campos1989
Campos & Lopez (1998)	<pending>
Cannicci et al. (2009)	<pending>
Cannicci et al. (1999)	Cannici1999
Cano (1889)	Cano1889.1
Cano (1889)	Cano1889.2
Capaldo (1987)	<pending>
Capaldo (1993)	<pending>
Capert (1951)	Capert1951
Caravello & Cameron (1987)	<pending>
Caravello & Cameron (1987)	<pending>
Caravello & Cameron (1991)	<pending>
Cardoso (2003)	<pending>
Cardoso & Negreiros-Fransozo (2004)	<pending>
Carlisle & Knowles (1959)	<pending>
Carlson et al. (2014)	<pending>
Carlson (1935)	Carlson1935
Carlson (1936)	Carlson1936
Carus (1885)	Carus1885
Cary et al. (2009)	<pending>
Castiglioni (2003)	<pending>
Castiglioni & Negreiros-Fransozo (2004)	<pending>
Castiglioni & Negreiros-Fransozo (2005)	<pending>
Castiglioni & Negreiros-Fransozo (2006)	<pending>
Castiglioni & Negreiros-Fransozo (2006)	<pending>
Castiglioni et al. (2007)	<pending>
Castillero Moores (1984)	<pending>
Castro (2007)	<pending>
César et al. (2005)	<pending>
Chace (1942)	Chace1942
Chace & Hobbs (1969)	Chace1969
Chakraborty & Choudhury (1985)	Chakraborty1985
Chakraborty & Choudhury (1992)	Chakraborty1992
Chandy (1973)	<pending>
Chang (1963)	Chang1963
Chang et al. (1988)	<pending>
Chang (1984)	<pending>
Chase et al. (2013)	<pending>
Chassard-Bouchaud & Galle (1986)	<pending>
Chavez & Cedillo (1999)	<pending>
Chen & Ye (2011)	<pending>
Chen et al. (2007)	<pending>
Chen (1989)	<pending>
Chhapgar (1957)	Chhapgar1957
Chhapgar (1958 (1955))	<pending>
Chhapgar (1959 (1956))	<pending>
Chhapgar (1969)	Chhapgar1969
Chilton & Bennett (1929)	Chilton1929
Chiussi & Díaz (2001)	<pending>
Chiussi & Díaz (2002)	<pending>
Choi (1991)	<pending>
Chopra & Das (1937)	Chopra1937
Christiansen & Yang (1976)	<pending>
Christopher (2007)	<pending>
Christopher & Salmon (2005)	<pending>
Christopher et al. (2008)	<pending>
Christy (1978)	<pending>
Christy (1979)	<pending>
Christy (1980)	<pending>
Christy (1982)	<pending>
Christy (1982)	<pending>
Christy (1983)	<pending>
Christy (1985)	<pending>
Christy (1987)	<pending>
Christy (1987)	<pending>
Christy (1988)	<pending>
Christy (1988)	<pending>
Christy (1988)	<pending>
Christy (1989)	<pending>
Christy (2003)	<pending>
Christy (2011)	<pending>
Christy & Backwell (2006)	<pending>
Christy et al. (2001)	<pending>
Christy et al. (2002)	<pending>
Christy et al. (2003)	<pending>
Christy et al. (2003)	<pending>
Christy & Dennenmoser (2006)	<pending>
Christy & Dennenmoser (2006)	<pending>
Christy et al. (1998)	<pending>
Christy et al. (1996)	<pending>
Christy & Morgan (1998)	<pending>
Christy et al. (2005)	<pending>
Christy & Salmon (1984)	<pending>
Christy & Salmon (1991)	<pending>
Christy & Schober (1994)	<pending>
Christy & Stancyk (1982)	<pending>
Christy & Vargas (2010)	<pending>
Chrzanowski & Cowley (1977)	<pending>
Chung et al. (1998)	<pending>
Chung et al. (1994)	<pending>
Chung et al. (1995)	<pending>
Chung et al. (1998)	<pending>
Chung et al. (1997)	<pending>
Claff et al. (1958)	Claff1958
Clark (1896)	Clark1896
Clark et al. (1986)	<pending>
Clark (1935)	Clark1935
Clark & Presswell (2001)	<pending>
Claude (1964)	Claude1964
Claussen et al. (2008)	<pending>
Claybrook (1976)	<pending>
Clayton (1986)	Clayton1986
Clifford (1982)	<pending>
Coelho (1972)	Coelho1972
Coelho et al. (2008)	<pending>
Cohen (2012)	<pending>
Cohen & Kern (2012)	<pending>
Colby & Fonseca (1980)	<pending>
Colby & Fonseca (1981)	<pending>
Colby & Fonseca (1984)	<pending>
Coleman (1982)	<pending>
Collett (2003)	<pending>
Collins et al. (1984)	Collins1984
Colosi (1924)	Colosi1924
Colpo (2001)	<pending>
Colpo & Negreiros-Fransozo (2003)	<pending>
Colpo & Negreiros-Fransozo (2004)	<pending>
Colpo & Negreiros-Fransozo (2011)	<pending>
Colpo & Negreiros-Fransozo (2013)	<pending>
Conde & Díaz (1985)	<pending>
Connaughton (1988)	<pending>
Coohill (1982)	<pending>
Coohill et al. (1969)	Coohill1969
Coohill et al. (1970)	Coohill1970
Coohill & Fingerman (1975)	<pending>
Coohill & Fingerman (1976)	<pending>
Cortes-Carrasco & del Socorro Garcia-Madrigal (2013)	<pending>
Cosenza et al. (2014)	<pending>
Costa et al. (2001)	<pending>
Costa & Soares-Gomes (2009)	<pending>
Costa & Soares-Gomes (2011)	<pending>
Costa & Negreiros-Fransozo (2001)	<pending>
Costa & Negreiros-Fransozo (2002)	<pending>
Costa et al. (2006)	<pending>
Couch (1838)	Couch1838
Coues (1871)	Coues1871
Coventry (1944)	Coventry1944
Coward et al. (1970)	Coward1970
Cowley & Chrzanowski (1979)	<pending>
Cowley & Chrzanowski (1980)	<pending>
Cowley & Frye (1978)	<pending>
Crane (1941)	Crane1941
Crane (1943)	Crane1943.2
Crane (1943)	Crane1943.3
Crane (1943)	Crane1943.1
Crane (1944)	Crane1944
Crane (1956)	<pending>
Crane (1957)	Crane1957
Crane (1958)	Crane1958
Crane (1966)	Crane1966.1
Crane (1966)	Crane1966.2
Crane (1967)	Crane1967
Crane (1975)	Crane1975
Crane et al. (2004)	<pending>
Crawford et al. (1989)	<pending>
Cremonte et al. (2007)	<pending>
Crichton (1960)	<pending>
Cripe & Livingston (1977)	<pending>
Croll (2001)	<pending>
Croll & Klinger (1994)	<pending>
Croll & McClintock (1999)	<pending>
Croll & McClintock (2000)	Croll2000.2
Croll & McClintock (2000)	Croll2000.1
Croll & McClintock (2002)	<pending>
Crosnier (1965)	Crosnier1965
Cuartas & Petriella (2007)	<pending>
Cuartas & Petriella (2010)	<pending>
Cuellar-Gempeler & Munguia (2013)	<pending>
Cuiffreda (1994)	<pending>
Culbertson (2008)	<pending>
Culbertson et al. (2007)	<pending>
Cumbee et al. (2008)	<pending>
Cummings et al. (2008)	<pending>
Cunningham & Myers (1986)	<pending>
Cunningham & Myers (1987)	<pending>
Curran & Martin (2003)	<pending>
Currin et al. (1995)	<pending>
Dai & Yang (1991)	Dai1991
Dai et al. (1986)	Dai1986
Dakin (1952)	Dakin1952
Daleo et al. (2003)	<pending>
Dall (1971)	Dall1971
Dame & Vernberg (1973)	<pending>
Dame & Vernberg (1978)	<pending>
Dana (1851)	Dana1851
Dana (1852)	Dana1852
Daniel (1988)	<pending>
Dansereau (1947)	Dansereau1947
Darbonne & Heagler (1998)	<pending>
Darby (1935)	Darby1935.1
Darby (1935)	Darby1935.2
Darley (1985)	<pending>
Darley et al. (1981)	<pending>
Darnell (2012)	<pending>
Darnell et al. (2012)	<pending>
Darnell et al. (2013)	<pending>
Darnell & Munguia (2011)	<pending>
Darwin (1874)	Darwin1874
Das & Durica (2013)	<pending>
Das et al. (2009)	<pending>
Das et al. (2010)	<pending>
Das et al. (2011)	<pending>
Das et al. (2014)	<pending>
Das et al. (2013)	<pending>
Das & Chakraborty (2004)	<pending>
Davie (1985)	<pending>
Davie (2002)	Davie2002
Davis (1978)	<pending>
Davis (1978)	<pending>
Davis & Hagadorn (1982)	<pending>
Davis & Swanson (2013)	<pending>
Davis (1987)	<pending>
Day (1969)	Day1969
Day & Mogans (1956)	Day1956
de Almeida Ferias et al. (2014)	<pending>
de Araujo et al. (1995)	<pending>
de Araujo Tavora & Da Silva (2002)	<pending>
De (2009)	<pending>
De Geer (1778)	DeGeer1778
de Gibertt et al. (2013)	<pending>
de Haan (1833-1850)	deHaan1835
De Kay (1844)	DeKay1844
de la Cruz & Davidson (1983)	<pending>
de la Iglesia et al. (1994)	<pending>
De Man (1879)	deMan1879
De Man (1880)	deMan1880
De Man (1887)	deMan1887.1
De Man (1887)	deMan1887.2
De Man (1887-1888)	deMan1888
De Man (1891)	deMan1891
De Man (1892)	deMan1892
De Man (1895)	deMan1895
De Man (1902)	deMan1902
De Man (?)	deMan_nd
de Miranda y Rivera (1933)	MirandayRivera1933.1
de Miranda y Rivera (1933)	MirandayRivera1933.2
De Santo (1992)	<pending>
de Souza et al. (2013)	<pending>
de Varona & Ortiz (2003)	<pending>
De Vries & Forward (1991)	<pending>
De Vries & Forward (1991)	<pending>
de Vries et al. (1991)	<pending>
De Vries et al. (1994)	<pending>
De Vries & Wolcott (1991)	<pending>
Dean & Vernberg (1965)	Dean1965
Dean & Vernberg (1966)	Dean1966
Decker (2011)	<pending>
Decker & Griffen (2012)	<pending>
DeCoursey (1976)	<pending>
DeCoursey (1979)	<pending>
DeCoursey (1980)	<pending>
DeCoursey (1981)	<pending>
DeCoursey (1983)	<pending>
DeCoursey & Vernberg (1972)	DeCoursey1972
Deecaraman & Fingerman (1985)	<pending>
Deecaraman & Milton (1992)	<pending>
Deekae & Idoniboye Obu (1995)	<pending>
DelValls et al. (1999)	<pending>
Dembowski (1925)	Dembowski1925
Dembowski (1926)	Dembowski1926
Démeusy (1957)	Demeusy1957
Demina & Lysenko (1996)	<pending>
Denger & Tankersley (2005)	<pending>
Dennenmoser & Christy (2013)	<pending>
DePatra & Levin (1989)	<pending>
DePew & Towle (1979)	<pending>
deRivera (1999)	<pending>
deRivera (2000)	<pending>
deRivera (2003)	<pending>
deRivera (2003)	<pending>
deRivera (2005)	<pending>
deRivera et al. (2003)	<pending>
deRivera & Vehrencamp (2001)	<pending>
Desanto et al. (1997)	<pending>
Desmarest (1817)	Desmarest1817
Desmarest (1822)	Desmarest1822
Desmarest (1823)	Desmarest1823
Desmarest (1825)	Desmarest1825
Detto (2007)	<pending>
Detto & Backwell (2009)	<pending>
Detto & Backwell (2009)	<pending>
Detto et al. (2006)	<pending>
Detto et al. (2008)	<pending>
Detto et al. (2010)	<pending>
Detto et al. (2004)	<pending>
Devi et al. (1993)	<pending>
Devi (1987)	<pending>
Devi & Rao (1989)	<pending>
Devi & Rao (1989)	<pending>
Devi & Rao (1989)	<pending>
Dexter (1985)	<pending>
Dezi et al. (1987)	<pending>
Dezi et al. (1993)	<pending>
Di Benedetto & Masunari (2009)	<pending>
di Virgilio & Ribeiro (2013)	<pending>
Díaz et al. (2004)	<pending>
Díaz-Ferguson et al. (2010)	<pending>
Diele et al. (2013)	Diele2013
Diesel et al. (2000)	<pending>
Dietrich (1979)	<pending>
Dingle (1983)	<pending>
Diniz Filho (1990)	<pending>
Dircksen et al. (1988)	<pending>
Dittel & Epifanio (1990)	<pending>
Dittel et al. (1991)	<pending>
Dittel et al. (2000)	<pending>
Dittel R. & Epifanio (1982)	<pending>
Dittmann (1996)	<pending>
Do Van (2003)	<pending>
Doflein (1899)	Doflein1899
Doflein (1904)	Doflein1904
Doherty (1978)	<pending>
Doherty (1978)	<pending>
Doherty (1982)	<pending>
Dominguez Alonso (2008)	DominguezAlonso2008
Donovan et al. (2014)	<pending>
D'Orazio & Holliday (1985)	<pending>
Dores (1979)	<pending>
Dores & Herman (1980)	<pending>
Dores & Herman (1981)	<pending>
Dowse & Palmer (1990)	<pending>
Dowse & Palmer (1992)	<pending>
Drake et al. (1998)	<pending>
Drews & Graszynski (1983)	<pending>
Drews & Graszynski (1987)	<pending>
Drews et al. (1982)	<pending>
Dubois (1957)	<pending>
Dugaw et al. (2009)	<pending>
Dukes et al. (2004)	<pending>
Dukes et al. (2004)	<pending>
Duncker (1903)	Duncker1903
Dunham & Gilchrist (1988)	<pending>
Dunlop & Barnwell (1990)	<pending>
Dunn et al. (1990)	<pending>
Duobinis-Gray & Hackney (1982)	<pending>
Dürbaum (1999)	<pending>
Durica et al. (2000)	<pending>
Durica et al. (1997)	<pending>
Durica et al. (1999)	<pending>
Durica & Hopkins (1996)	<pending>
Durica et al. (1995)	<pending>
Durica et al. (2009)	<pending>
Durica et al. (2005)	<pending>
Durica et al. (2006)	<pending>
Durica et al. (2003)	<pending>
Durica et al. (2002)	<pending>
Durica et al. (2001)	<pending>
Duval (1994)	<pending>
Duval (1995)	<pending>
Duval (1996)	<pending>
Duval (1997)	<pending>
Duval & Rittschof (1997)	<pending>
Duvernoy (1850)	Duvernoy1850
Dye & Lasiak (1986)	<pending>
Dye & Lasiak (1987)	<pending>
Dyson (2008)	<pending>
Eastman-Reks (1984)	<pending>
Eastman-Reks & Fingerman (1984)	<pending>
Eastman-Reks & Fingerman (1985)	<pending>
Eberhardt (1966)	Eberhardt1966
Eckert & Zeil (2001)	<pending>
Edmondson (1923)	Edmondson1923
Edmondson (1925)	Edmondson1925
Edmondson (1933)	Edmondson1933
Edmondson (1946)	Edmondson1946
Edmondson (1962)	Edmondson1962
Edney (1960)	<pending>
Edney (1961)	Edney1961
Edney (1962)	Edney1962
Edwards (1948)	<pending>
Edwards (1950)	Edwards1950
Eidietis & Coffman (2006)	<pending>
Eidietis & Coffman (2006)	<pending>
Eisen et al. (1973)	Eisen1973
Eisen & Jeffrey (1969)	Eisen1969
El Serehy et al. (1994)	<pending>
Elkaim (1976)	<pending>
Ellis (1980)	<pending>
Ellis & Claybrook (1979)	<pending>
Ellis & Claybrook (1980)	<pending>
Emmerson (1990)	<pending>
Emmerson (1994)	Emmerson1994
Enami (1943)	Enami1943
Engel (1973)	Engel1973
Engel et al. (1971)	<pending>
Ens (1998)	<pending>
Ens et al. (1993)	<pending>
Epifanio (1988)	<pending>
Epifanio (1988)	<pending>
Epifanio et al. (1988)	<pending>
Epifanio et al. (2013)	<pending>
Erickson & Barnwell (1973)	<pending>
Eshky et al. (1995)	<pending>
Eshky et al. (1996)	<pending>
Estampador (1937)	Estampador1937
Estampador (1959)	Estampador1959
Evans (1967)	Evans1967
Evans et al. (1976)	<pending>
Everest & Davis (1979)	<pending>
Ewa-Oboho (1993)	<pending>
Ewa-Oboho & Abby-Kalio (1994)	<pending>
Ewing (1989)	<pending>
Eydoux (1835)	Eydoux1835
Fabricius (1775)	Fabricius1775
Fabricius (1781)	Fabricius1781
Fabricius (1787)	Fabricius1787
Fabricius (1797)	Fabricius1797
Fabricius (1798)	Fabricius1798.1
Fabricius (1798)	Fabricius1798.2
Fabricius (1810)	Fabricius1810
Fang et al. (2013)	<pending>
Faria et al. (2014)	<pending>
Farrington (2013)	<pending>
Farrow (1971)	<pending>
Faxon (1895)	Faxon1895
Fayed et al. (2008)	<pending>
Feest (1969)	Feest1969
Felder & Staton (1994)	<pending>
Felgenhauer & Abele (1983)	<pending>
Félix-Pico et al. (2003)	<pending>
Fell et al. (2003)	<pending>
Fell & Williams (1985)	<pending>
Felterman & Zou (2011)	<pending>
Ferraris (1988)	<pending>
Ferraris & Norenburg (1997)	<pending>
Ferraris & Norenburg (1997)	<pending>
Ferreira et al. (2007)	<pending>
Fielder et al. (1971)	Fielder1971.2
Fielder et al. (1971)	Fielder1971.1
Figueiredo et al. (2008)	<pending>
Filhol (1885)	<pending>
Filhol (1886)	Filhol1886
Fimpel (1975)	<pending>
Fingerman (1956)	Fingerman1956.2
Fingerman (1956)	Fingerman1956.1
Fingerman (1957)	Fingerman1957
Fingerman (1959)	Fingerman1959
Fingerman (1960)	Fingerman1960
Fingerman (1965)	Fingerman1965
Fingerman (1966)	Fingerman1966.1
Fingerman (1968)	<pending>
Fingerman (1970)	Fingerman1970.1
Fingerman (1973)	Fingerman1973.1
Fingerman (1988)	<pending>
Fingerman (1997)	<pending>
Fingerman & Bartell (1969)	Fingerman1969.1
Fingerman & Bartell (1973)	Fingerman1973.2
Fingerman et al. (1971)	Fingerman1971.1
Fingerman & Couch (1967)	Fingerman1967.2
Fingerman et al. (1966)	Fingerman1966.3
Fingerman et al. (1966)	Fingerman1966.2
Fingerman & Fingerman (1971)	Fingerman1971.2
Fingerman & Fingerman (1972)	Fingerman1972
Fingerman & Fingerman (1974)	<pending>
Fingerman & Fingerman (1974)	<pending>
Fingerman & Fingerman (1975)	<pending>
Fingerman & Fingerman (1977)	<pending>
Fingerman & Fingerman (1977)	<pending>
Fingerman et al. (1974)	<pending>
Fingerman et al. (1974)	<pending>
Fingerman & Fitzpatrick (1956)	Fingerman1956.3
Fingerman et al. (1981)	<pending>
Fingerman et al. (1985)	<pending>
Fingerman et al. (1981)	<pending>
Fingerman et al. (1985)	<pending>
Fingerman et al. (1998)	<pending>
Fingerman et al. (1974)	<pending>
Fingerman et al. (1958)	Fingerman1958
Fingerman et al. (1962)	<pending>
Fingerman et al. (1963)	Fingerman1963
Fingerman et al. (1964)	Fingerman1964.2
Fingerman & Rao (1968)	<pending>
Fingerman & Rao (1969)	Fingerman1969.2
Fingerman & Rao (1969)	Fingerman1969.3
Fingerman & Rao (1970)	Fingerman1970.2
Fingerman et al. (1969)	Fingerman1969.4
Fingerman et al. (1994)	<pending>
Fingerman et al. (1994)	<pending>
Fingerman et al. (1978)	<pending>
Fingerman & Yamamoto (1964)	Fingerman1964.1
Fingerman & Yamamoto (1967)	Fingerman1967.1
Fingerman & Fingerman (1976)	<pending>
Fingerman & Fingerman (1977)	<pending>
Fingerman & Fingerman (1977)	<pending>
Fingerman & Fingerman (1978)	<pending>
Fingerman & Fingerman (1978)	<pending>
Fingerman & Fingerman (1979)	<pending>
Fingerman & Fingerman (1979)	<pending>
Fingerman & Fingerman (1980)	<pending>
Fingerman et al. (1979)	<pending>
Finol & Croghan (1983)	<pending>
Flores et al. (2013)	<pending>
Fontaine & Barnwell (1988)	<pending>
Forest & Guinot (1961)	Forest1961
Forest & Guinot (1962)	Forest1962
Formanowicz & Brodie (1988)	<pending>
Forward (1977)	<pending>
Forward & Cronin (1979)	<pending>
Forward & Rittschof (1994)	<pending>
Forward et al. (2001)	<pending>
Forward et al. (2003)	<pending>
Fotheringham & Brunenmeister (1975)	<pending>
Fourmanoir (1953)	Fourmanoir1953
Fourmanoir (1956)	Fourmanoir1956
Fowler (1911)	Fowler1911
Fowler (1912)	Fowler1912
France (1998)	<pending>
Fransen et al. (1997)	pending
Fraser (2006)	<pending>
Frey et al. (1973)	Frey1973
Frey & Howard (1969)	<pending>
Frey & Mayou (1970)	<pending>
Frey & Mayou (1971)	<pending>
Friel & Wainwright (1998)	<pending>
Frith (1977)	Frith1977.1
Frith & Brunenmeister (1980)	<pending>
Frith & Brunenmeister (1983)	<pending>
Frith & Frith (1977)	Frith1977.2
Frith & Frith (1977)	Frith1977.3
Frith & Frith (1978)	Frith1978
Frith et al. (1976)	<pending>
Frix et al. (1991)	<pending>
Fukui et al. (1989)	Fukui1989
Full (1984)	<pending>
Full et al. (1982)	<pending>
Full & Herreid (1984)	<pending>
Gäde (1979)	<pending>
Galat & Galat-Luong (1976)	<pending>
Gallagher (1995)	<pending>
Gallagher et al. (1993)	<pending>
Gamble & Lovell (2011)	<pending>
Gamble (2011)	<pending>
Garcia (2001)	<pending>
Gardner (1846)	Gardner1846
Gardner (1849)	Gardner1849
Gardner (1990)	<pending>
Gardner et al. (1987)	<pending>
Gardner et al. (1992)	<pending>
Gardner et al. (1988)	<pending>
Garth (1946)	Garth1946
Garth (1948)	Garth1948
Garth (1957)	Garth1957
Garth (1960)	Garth1960
Garth & Abbott (1980)	Garth1980
Gaus et al. (1989)	<pending>
Gee (1925)	Gee1925
Genofre (1975)	<pending>
Genoni (1985)	<pending>
Genoni (1987)	<pending>
Genoni (1991)	<pending>
George et al. (1957)	George1957
George & Swanson (2010)	<pending>
George & Jones (1982)	George1982
George et al. (2001)	<pending>
George et al. (2010)	<pending>
Geraert (2013)	<pending>
Gerald et al. (2005)	<pending>
Gerlach (1958)	Gerlach1958.1
Gerlach (1958)	Gerlach1958.2
Gerstacker (1856)	Gerstacker1856
Ghent & Zucker (1990)	<pending>
Gherardi et al. (2012)	<pending>
Ghory & Siddiqui (2006)	Ghory2006
Giarrizzo et al. (2010)	<pending>
Giarrizzo et al. (2011)	<pending>
Gibbes (1850)	Gibbes1850
Gibbs (1974)	<pending>
Gibbs (1978)	<pending>
Giblin (1982)	<pending>
Giblin et al. (1980)	<pending>
Giblin et al. (1983)	<pending>
Gibson & Langen (1996)	<pending>
Gill (1858)	Gill1858
Gittman & Keller (2013)	Gittman2013
Glassell (1934)	Glassell1934
Glazier (2013)	<pending>
Gleeson et al. (2013)	<pending>
Gmitter (1953)	Gmitter1953
Goldsmith (1972)	<pending>
González-Gordillo et al. (2003)	<pending>
González-Gordillo & Rodríguez (2003)	<pending>
Gonzalez-Ortiz et al. (2014)	<pending>
Gordon (1955)	Gordon1955
Gordon (1958)	Gordon1958
Gordon (1931)	Gordon1931
Gordon (1934)	Gordon1934
Goshima et al. (1996)	<pending>
Goshima & Murai (1988)	<pending>
Gosner (1978)	<pending>
Gosse (1851)	Gosse1851
Gould (1841)	Gould1841
Govender et al. (2012)	<pending>
Govind (1985)	<pending>
Govind & Pearce (1985)	<pending>
Govind et al. (1986)	<pending>
Graham et al. (1998)	<pending>
Graham (1955)	Graham1955
Grant & McCulloch (1906)	Grant1906
Grant & Eisen (1980)	<pending>
Grant et al. (1981)	<pending>
Grant et al. (1977)	<pending>
Grant et al. (1980)	<pending>
Grant et al. (1983)	<pending>
Grant (1992)	<pending>
Graszynski & Bigalke (1986)	<pending>
Graszynski & Drews (1981)	<pending>
Graszynski & Rohloff (1983)	<pending>
Graszynski et al. (1979)	<pending>
Graszynski et al. (1981)	<pending>
Gravely (1927)	Gravely1927
Gravier (1920)	Gravier1920
Gray (1942)	Gray1942
Gray (1957)	Gray1957
Grebel (1995)	<pending>
Grebel & Weis (1990)	<pending>
Green (1980)	Green1980
Green (1961)	Green1961
Green (1963)	<pending>
Green (1964)	Green1964
Green (1969)	Green1969.1
Green (1970)	Green1970.2
Green (1970)	Green1970.1
Green (1973)	<pending>
Green & Neff (1969)	Green1969.2
Green & Neff (1972)	Green1972
Green & Schochet (1972)	Green1972
Green & Schochet (1990)	<pending>
Green & Schochet (1991)	<pending>
Green et al. (1959)	Green1959
Greenberg et al. (1983)	<pending>
Greenberg et al. (1985)	<pending>
Greenfield (2005)	<pending>
Greenspan (1975)	<pending>
Greenspan (1980)	<pending>
Greenspan (1982)	<pending>
Gregg & O'Connor (1996)	<pending>
Gribsholt et al. (2003)	<pending>
Grimes (1976)	<pending>
Grimes et al. (1989)	<pending>
Grissell (1981)	<pending>
Gronovius (1764)	Gronovius1764
Gross (1955)	Gross1955
Gross (1957)	Gross1957.1
Gross (1961)	Gross1961
Guchardi & Govind (1990)	<pending>
Gudmundsdóttir (2002)	<pending>
Guérin-Méneville (1829)	GuerinMeneville1829.1
Guérin-Méneville (1829-1845)	GuerinMeneville1829.2
Guérin-Méneville (1830)	GuerinMeneville1830
Guérin-Méneville (?)	GuerinMeneville_nd
Guest et al. (2004)	<pending>
Guinot (1966)	<pending>
Guinot (1979)	<pending>
Guinot & Ribeiro (1962)	Guinot1962
Guinot-Dumortier (1959)	GuinotDumortier1959
Guinot-Dumortier & Dumortier (1960)	GuinotDumortier1960
Gulmann (2004)	<pending>
Gulmann & Mullineaux (2001)	<pending>
Gundlach (1887)	Gundlach1887
Günther (1963)	Gunther1963
Gurney (1942)	Gurney1942
Gurney (1960)	Gurney1960
Gusmão-Junior et al. (2012)	<pending>
Gutierrez West (2012)	<pending>
Guyselman (1950)	Guyselman1950
Guyselman (1952)	<pending>
Guyselman (1953)	Guyselman1953
Habe et al. (1983)	<pending>
Hackney & de la Cruz (1981)	<pending>
Haines (1976)	<pending>
Haines & Montague (1979)	<pending>
Hall (1985)	<pending>
Hall (1985)	<pending>
Hall (1985)	<pending>
Hammerstein (1981)	<pending>
Hampton et al. (2014)	Hampton2014
Haney & Pope (2007)	<pending>
Hanke et al. (1992)	<pending>
Hannan & Evans (1973)	Hannan1973
Hanson et al. (2002)	<pending>
Hanström (1935)	Hanstrom1935
Hantson-Parker (1985)	<pending>
Hanumante et al. (1984)	<pending>
Hanumante & Fingerman (1981)	<pending>
Hanumante & Fingerman (1981)	<pending>
Hanumante & Fingerman (1981)	<pending>
Hanumante & Fingerman (1982)	<pending>
Hanumante & Fingerman (1982)	<pending>
Hanumante & Fingerman (1982)	<pending>
Hanumante & Fingerman (1982)	<pending>
Hanumante & Fingerman (1982)	<pending>
Hanumante & Fingerman (1982)	<pending>
Hanumante & Fingerman (1982)	<pending>
Hanumante et al. (1981)	<pending>
Hanumante et al. (1980)	<pending>
Haresign (1986)	<pending>
Haresign et al. (1996)	<pending>
Hariharan (1966)	<pending>
Haroski (2008)	<pending>
Harper & Williams (1985)	<pending>
Harris et al. (1998)	<pending>
Hartnoll (1975)	Hartnoll1975
Hartnoll (1982)	<pending>
Hartnoll (1988)	<pending>
Hartnoll (1988)	<pending>
Hartnoll (1988)	<pending>
Hartnoll (2006)	<pending>
Harwitz et al. (1983)	<pending>
Hasek & Felder (2006)	<pending>
Hasek & Rabalais (2001)	<pending>
Haseman (1907)	<pending>
Hashmi (1971)	<pending>
Hashmi (1968)	<pending>
Haswell (1882)	Haswell1882
Hay & Shore (1915-1916)	Hay1915
Hayes et al. (2013)	<pending>
Healy & Yaldwyn (1970)	Healy1970
Heard (1976)	<pending>
Heard (1977)	<pending>
Heard & Kinsella (1995)	<pending>
Hedgpeth (1950)	Hedgpeth1950
Hediger (1933)	Hediger1933
Hediger (1934)	Hediger1934.1
Hediger (1934)	Hediger1934.2
Hegarty & Kight (2014)	Hegarty2014
Heilprin (1888)	Heilprin1888
Heinrich (1971)	<pending>
Heit (1974)	<pending>
Heit & Fingerman (1973)	<pending>
Heit & Fingerman (1975)	<pending>
Heller (1861)	Heller1861
Heller (1862)	Heller1862.2
Heller (1862)	Heller1862.1
Heller (1863)	Heller1863
Heller (1865)	Heller1865
Hemmi (2005)	<pending>
Hemmi (2005)	<pending>
Hemmi et al. (2006)	<pending>
Hemmi & Merkle (2009)	<pending>
Hemmi & Pfeil (2010)	<pending>
Hemmi & Zeil (2003)	<pending>
Hemmi & Zeil (2003)	<pending>
Hemmi & Zeil (2003)	<pending>
Hemmi & Zeil (2005)	<pending>
Henderson (1893)	Henderson1893
Hendrickx (1979)	Hendrickx1979
Hendrickx (1984)	Hendrickx1984
Hendrickx (1995)	<pending>
Hendrickx & Salgado-Barragán (1992)	Hendrickx1992
Henmi (2003)	<pending>
Henschel (1833)	Henschel1833
Herbst (1782)	Herbst1782
Herbst (1790)	Herbst1790
Herbst (1799)	Herbst1799
Herbst (1804)	Herbst1804
Herklots (1851)	Herklots1851
Herman (1975)	<pending>
Herman & Dallmann (1975)	<pending>
Herman et al. (1977)	<pending>
Hernández Roa et al. (2009)	<pending>
Herreid (1969)	Herreid1969
Herreid & Mooney (1984)	<pending>
Herrick (1887)	Herrick1887
Herrnkind (1965)	Herrnkind1965
Herrnkind (1966)	Herrnkind1966
Herrnkind (1967)	Herrnkind1967
Herrnkind (1968)	Herrnkind1968.3
Herrnkind (1968)	Herrnkind1968.2
Herrnkind (1968)	Herrnkind1968.1
Herrnkind (1972)	Herrnkind1972
Herrnkind (1983)	<pending>
Herrnkind et al. (1968)	<pending>
Hess (1865)	Hess1865
Hester et al. (1991)	<pending>
Hilgendorf (1869)	Hilgendorf1869
Hilgendorf (1878)	Hilgendorf1878
Hilgendorf (1882)	Hilgendorf1882
Hines (1982)	<pending>
Hines (1953)	Hines1953
Hines (1954)	Hines1954
Hinsch (1989)	<pending>
Hinton (1969)	Hinton1969
Hippensteel (2008)	<pending>
Hirose et al. (2010)	<pending>
Hirose et al. (2013)	<pending>
Hirsch (1984)	<pending>
Ho et al. (1993)	Ho1993
Hoadley (1937)	Hoadley1937
Hockett & Kritzler (1972)	Hockett1972
Hockey (1996)	<pending>
Hodgson (1987)	<pending>
Hoffert et al. (1975)	<pending>
Hoffman et al. (1984)	<pending>
Hoffmann (1874)	Hoffmann1874
Hogarth & Beech (2002)	<pending>
Hogarth (1986)	Hogarth1986
Hogarth (1989)	Hogarth1989
Hogarth (2001)	<pending>
Hogarth (2007)	<pending>
Hogue & Bright (1971)	<pending>
Holdredge et al. (2010)	<pending>
Holliday (1985)	<pending>
Holman et al. (2014)	<pending>
Holmes (1900)	Holmes1900
Holmes (1904)	Holmes1904
Holmes (1908)	Holmes1908
Holthuis (1954)	Holthuis1954.2
Holthuis (1954)	Holthuis1954.1
Holthuis (1956)	Holthuis1956
Holthuis (1958)	Holthuis1958
Holthuis (1959)	Holthuis1959.1
Holthuis (1959)	Holthuis1959.2
Holthuis (1959)	Holthuis1959.3
Holthuis (1962)	Holthuis1962
Holthuis (1967)	Holthuis1967
Holthuis (1967)	Holthuis1967.2
Holthuis (1978)	<pending>
Holthuis (1979)	Holthuis1979
Holthuis (1993)	Holthuis1993
Holthuis (2002)	<pending>
Honegger (1973)	<pending>
Honegger (1973)	<pending>
Honegger (1976)	<pending>
Hootsmans et al. (1993)	<pending>
Hopkins (2010)	Hopkins2010.1
Hopkins & Thurman (2007)	<pending>
Hopkins & Thurman (2010)	Hopkins2010.2
Hopkins (1981)	<pending>
Hopkins (1982)	<pending>
Hopkins (1982)	<pending>
Hopkins (1983)	<pending>
Hopkins (1985)	<pending>
Hopkins (1985)	<pending>
Hopkins (1986)	<pending>
Hopkins (1988)	<pending>
Hopkins (1989)	<pending>
Hopkins (1989)	<pending>
Hopkins (1989)	<pending>
Hopkins (1992)	<pending>
Hopkins (1993)	<pending>
Hopkins (1994)	<pending>
Hopkins (1996)	<pending>
Hopkins (1999)	<pending>
Hopkins (2001)	<pending>
Hopkins (2003)	<pending>
Hopkins et al. (1999)	<pending>
Hopkins & Durica (1995)	<pending>
Hopkins et al. (1994)	<pending>
Hopkins et al. (1997)	<pending>
Hopkins et al. (2010)	<pending>
Hopkins et al. (2007)	<pending>
Hopkins et al. (2008)	<pending>
Hopkins et al. (2003)	<pending>
Hopkins & Mislan (1986)	<pending>
Hopkins & Watson (1983)	<pending>
Horch & Salmon (1969)	Horch1969
Horch et al. (1980)	<pending>
Horch et al. (2002)	<pending>
Horii et al. (2001)	<pending>
Horikawa (1940)	<pending>
Hornby (1997)	Hornby1997
Horst (1995)	<pending>
Hosoya et al. (1993)	Hosoya1993
Hotard & Zou (2013)	<pending>
Hotard & Zou (2013)	<pending>
Hotard & Zou (2008)	<pending>
Houser & Allen (1996)	<pending>
Houser (2006)	<pending>
Houser & Epifanio (2009)	<pending>
Hovel & Morgan (1997)	<pending>
Hovel & Morgan (1999)	<pending>
How & Hemmi (2008)	<pending>
How & Hemmi (2008)	<pending>
How et al. (2008)	<pending>
How et al. (2012)	<pending>
How et al. (2007)	<pending>
How et al. (2009)	<pending>
Howell et al. (1972)	Howell1972
Hsiang & Premuzic (1975)	<pending>
Hsieh et al. (2002)	<pending>
Huang et al. (1989)	Huang1989
Huang et al. (2007)	<pending>
Huang & Shih (1995)	<pending>
Hubbard & Dugan (1989)	Hubbard1989
Hueftle (1977)	<pending>
Huet (2000)	<pending>
Huet et al. (2002)	<pending>
Hughes et al. (2014)	<pending>
Hughes & Seed (1995)	<pending>
Hugie (1999)	<pending>
Hugie (2004)	<pending>
Hult (1939)	Hult1939
Hunter & Feller (1987)	<pending>
Huxley (1924)	Huxley1924.1
Huxley (1924)	Huxley1924.2
Huxley (1927)	Huxley1927
Huxley (1932)	Huxley1932
Huxley & Callow (1933)	Huxley1933
Hwang & Oswald (1982)	<pending>
Hyatt (1973)	<pending>
Hyatt (1974)	<pending>
Hyatt (1975)	<pending>
Hyatt (1977)	<pending>
Hyatt (1977)	<pending>
Hyatt (1983)	<pending>
Hyatt & Salmon (1978)	<pending>
Hyatt & Salmon (1979)	<pending>
Hyatt et al. (1979)	<pending>
Hyman (1920)	Hyman1920.1
Hyman (1920)	Hyman1920.2
Hyun et al. (2003)	<pending>
Hywel-Davies (1994)	HywelDavies1994
Icely & Jones (1978)	Icely1978
ICZN (1959)	ICZN1959
ICZN (1964)	ICZN1964
ICZN (1971)	ICZN1971
ICZN (1983)	ICZN1983
Idaszkin et al. (2013)	<pending>
Idha (1998)	<pending>
Iguchi & Nishihira (1994)	Iguchi1994
Iguchi et al. (1997)	Iguchi1997
Ikeda et al. (2004)	<pending>
Ikeda et al. (2003)	<pending>
Innes & Taylor (1987)	<pending>
Iribarne & Martinez (1999)	<pending>
Irvine (1932)	Irvine1932
Irvine (1947)	Irvine1947
Ismail et al. (1991)	<pending>
Ismail & Ahmed (1993)	Ismail1993
Ismail (1990)	<pending>
Ismail & Mykles (1986)	<pending>
Ismail & Mykles (1987)	<pending>
Ismail & Mykles (1992)	<pending>
Ives (1891)	Ives1891
Jacquinot (1846)	Jacquinot1846
Jacquinot & Lucas (1855)	Jacquinot1855
Jadhav & Deecaraman (2000)	<pending>
Jadhav & Ragunathan (1999)	<pending>
Jadhav et al. (1997)	<pending>
Jadhav et al. (1999)	<pending>
Jadhav et al. (2001)	<pending>
Jansen (1970)	Jansen1970
Jaramillo & Lunecke (1988)	<pending>
Jaroensutasinee & Jaroensutasinee (2003)	<pending>
Jaroensutasinee & Jarorensutasinee (2004)	<pending>
Jaroensutasinee & Tantichodok (2002)	<pending>
Jaros (1990)	<pending>
Jeng (1998)	Jeng1998
Jennions & Backwell (1996)	<pending>
Jennions & Backwell (1998)	<pending>
Jennions et al. (2003)	<pending>
Jensen (1995)	<pending>
Jimenez & Bennett (2005)	<pending>
Jimenez & Bennett (2007)	<pending>
Jobert (1875)	Jobert1875
Johnson (1974)	<pending>
Johnson (1985)	<pending>
Johnson & Snook (1927)	Johnson1927
Johnson (2003)	<pending>
Johnson et al. (1990)	<pending>
Johnston (1906)	Johnston1906
Johnston & Bildstein (1985)	<pending>
Johnston & Bildstein (1986)	<pending>
Johnston et al. (1984)	<pending>
Jones (1980)	<pending>
Jones (1986)	Jones1986
Jones & George (1982)	<pending>
Jones & Morton (1994)	Jones1994
Jones (1968)	Jones1968
Jones (1941)	Jones1941
Jones & Epifanio (1995)	<pending>
Jones & Epifanio (2005)	<pending>
Jones et al. (2011)	<pending>
Jonston (1650)	Jonston1650
Jordá & Roccatagliata (2002)	<pending>
Jordão et al. (2007)	<pending>
Jordão et al. (2007)	<pending>
Jordão & Oliveira (2001)	<pending>
Jordão & Oliveira (2001)	<pending>
Jordão & Oliveira (2003)	<pending>
Jordão & Oliveira (2005)	<pending>
Jorenby et al. (1987)	<pending>
Kaden (1991)	<pending>
Kahn et al. (2013)	<pending>
Kaini et al. (2012)	<pending>
Kaiser & Lehmann (1975)	<pending>
Kamita (1935)	Kamita1935
Kamita (1941)	<pending>
Kanchanaphum et al. (1998)	<pending>
Katz (1980)	<pending>
Kaufmann & Barnwell (1985)	<pending>
Kawasaki et al. (2008)	<pending>
Ke et al. (1985)	<pending>
Keller & Andrew (1973)	Keller1973
Keller & Wunderer (1978)	<pending>
Kellmeyer (1999)	<pending>
Kellmeyer & Salmon (2001)	<pending>
Kellogg (1928)	Kellogg1928
Kemp (1915)	Kemp1915
Kemp (1918)	Kemp1918
Kennedy (1984)	<pending>
Kerr et al. (2010)	<pending>
Kerr et al. (2012)	<pending>
Kerr et al. (2014)	<pending>
Kersten (1974)	<pending>
Kerstitch (1989)	<pending>
Kerwin (1971)	Kerwin1971
Khambadakone et al. (2011)	<pending>
Khoury (2005)	<pending>
Khoury et al. (2009)	<pending>
Kiatpathomchai et al. (2008)	<pending>
Kim & Yu (2012)	<pending>
Kim (1973)	<pending>
Kim et al. (2005)	<pending>
Kim (2010)	<pending>
Kim & Choe (2003)	<pending>
Kim & Choe (2003)	<pending>
Kim et al. (2004)	<pending>
Kim et al. (2006)	<pending>
Kim et al. (2006)	<pending>
Kim et al. (2007)	<pending>
Kim et al. (2009)	<pending>
Kim et al. (2010)	<pending>
Kim et al. (2004)	<pending>
Kim et al. (2005)	<pending>
Kim et al. (2010)	<pending>
Kim et al. (2004)	<pending>
Kim et al. (2008)	<pending>
Kim & Kim (1995)	Kim1995
King (1969)	King1969.1
King & Siddall (1969)	King1969.2
Kingsley (1878)	Kingsley1878
Kingsley (1879)	Kingsley1879
Kingsley (1880)	Kingsley1880
Kingsley (1880)	Kingsley1880.2
Kingsley (1886)	Kingsley1886
Kingsley (1888)	<pending>
Kinne (1963)	Kinne1963
Kinnear et al. (2009)	<pending>
Kirk (1880)	Kirk1880
Kitaura et al. (1998)	<pending>
Klaas & Belisle (1977)	<pending>
Klaassen & Ens (1993)	<pending>
Klein et al. (1992)	<pending>
Klein & Lincer (1974)	<pending>
Kleinholz (1936)	Kleinholz1936
Kleinholz (1970)	Kleinholz1970
Kleinholz (1972)	Kleinholz1972
Kleinholz (1975)	<pending>
Kleinholz (1976)	<pending>
Kleinholz & Bourquin (1941)	Kleinholz1941.1
Kleinholz & Bourquin (1941)	Kleinholz1941.2
Kleinholz & Keller (1973)	Kleinholz1973
Kleinholz & Kimball (1965)	Kleinholz1965
Kleinholz et al. (1986)	<pending>
Kneib et al. (1980)	<pending>
Knell et al. (2013)	<pending>
Knopf (1966)	Knopf1966
Knott et al. (1997)	<pending>
Ko & Kim (1989)	<pending>
Koch & Gillen (2004)	<pending>
Koch (1999)	<pending>
Koch & Wolff (2002)	<pending>
Koch et al. (2005)	<pending>
Koelbel (1898)	Koelbel1898
Koga (1999)	<pending>
Koga et al. (2001)	<pending>
Koga et al. (1998)	<pending>
Koga et al. (1995)	<pending>
Koga et al. (2000)	<pending>
Koga et al. (1999)	<pending>
Kon et al. (2009)	<pending>
Kon et al. (2009)	<pending>
Koranteng et al. (2000)	<pending>
Koretsky et al. (2002)	<pending>
Koretsky et al. (2005)	<pending>
Korte (1965)	Korte1965
Korte (1966)	Korte1966
Kossmann (1877)	Kossmann1877
Kossmann (1878)	Kossmann1878
Kostka et al. (2002)	<pending>
Kostka et al. (2002)	<pending>
Kraeuter (1976)	<pending>
Kraus (1982)	<pending>
Kraus (1984)	<pending>
Kraus & Lederhouse (1985)	<pending>
Krauss (1843)	Krauss1843
Krebs (1976)	<pending>
Krebs & Burns (1977)	<pending>
Krebs & Valiela (1978)	<pending>
Krebs et al. (1974)	<pending>
Krippeit-Drews (1987)	<pending>
Krippeit-Drews et al. (1989)	<pending>
Krishnakumaran & Schneiderman (1968)	<pending>
Krishnakumaran & Schneiderman (1970)	Krishnakumaran1970
Krishnan (1990)	Krishnan1990.1
Krishnan (1990)	Krishnan1990.2
Krishnan (1992)	Krishnan1992.3
Krishnan (1992)	Krishnan1992.1
Krishnan (1992)	Krishnan1992.2
Krishnan & Ramachandran (1990)	Krishnan1990.3
Kristensen (2008)	<pending>
Kristensen & Alongi (2006)	<pending>
Kronstadt et al. (2013)	<pending>
Kropp & Crozier (1928)	Kropp1928
Kruitwagen et al. (2010)	<pending>
Krumme et al. (2008)	<pending>
Krupp (1974)	<pending>
Kulkarni & Fingerman (1985)	<pending>
Kulkarni & Fingerman (1986)	<pending>
Kulkarni & Fingerman (1986)	<pending>
Kulkarni & Fingerman (1987)	<pending>
Kulkarni & Fingerman (1991)	<pending>
Kulkarni & Fingerman (1992)	<pending>
Kulkarni & Milton (1986)	<pending>
Kunze (1963)	Kunze1963
Kurata (1970)	Kurata1970
Kwok & Tang (2006)	Kwok2006
Lacerda (1976)	<pending>
Lacerda (1980)	<pending>
Lacerda (1982)	<pending>
Lacerda & Dias de Souza (1991)	<pending>
Lacerda & McNamara (1983)	<pending>
Lailvaux et al. (2009)	<pending>
Lalitha et al. (1996)	<pending>
Lallier & Walsh (1990)	<pending>
Lamarck (1801)	Lamarck1801
Lamarck (1818)	Lamarck1818
Lamarck (1838)	Lamarck1838
Lamarck (?)	Lamarck_nd
Lambert (1977)	<pending>
Lambert & Crowe (1973)	Lambert1973
Lambert & Crowe (1976)	<pending>
Lambert et al. (1975)	<pending>
Lambert & Fingerman (1976)	<pending>
Lambert & Fingerman (1978)	<pending>
Lambert & Epifanio (1982)	<pending>
Lanchester (1900)	Lanchester1900.1
Lanchester (1900)	Lanchester1900.2
Lanchester (1902)	Lanchester1902
Land & Layne (1994)	<pending>
Land & Layne (1995)	<pending>
Land & Layne (1995)	<pending>
Landsperger et al. (1981)	<pending>
Landstorfer & Schubart (2010)	Landstorfer2010
Langdon (1971)	Langdon1971
Langdon & Herrnkind (1985)	<pending>
Latreille (1802-1803)	Latreille1802
Latreille (1806)	Latreille1806
Latreille (1817)	Latreille1817.2
Latreille (1817)	Latreille1817.1
Latreille (1818)	Latreille1818
Latreille (1828)	Latreille1828
Latreille (1829)	Latreille1829
Latreille (1837)	Latreille1837
Latreille (?)	Latreille_nd
Latruffe et al. (1999)	<pending>
Latruffe et al. (1997)	<pending>
Laurenzano et al. (2013)	<pending>
Laurie (1906)	Laurie1906
Laurie (1915)	Laurie1915
Lautenschlager et al. (2010)	<pending>
Lavajoo et al. (2013)	<pending>
Lawson (1709)	Lawson1709
Lawson (1714)	Lawson1714
Layne (1997)	<pending>
Layne (1998)	<pending>
Layne et al. (2003)	<pending>
Layne et al. (2003)	<pending>
Layne et al. (1997)	<pending>
Layne et al. (1997)	<pending>
Le Conte (1855)	LeConte1855
Leach (1814)	Leach1814
Leach (1815)	Leach1815
Leach (1832)	Leach1832
Leary (1961)	Leary1961
LeBlanc et al. (2006)	<pending>
Lecroisey et al. (1987)	<pending>
Lecroisey & Keil (1985)	<pending>
Lecroy & Wagner-Merner (1976)	<pending>
Lee & Shih (2004)	<pending>
Lee et al. (1995)	<pending>
Lee (2001)	Lee2001
Lee et al. (1981)	<pending>
Lee & Weis (1980)	<pending>
Lee & Lim (2003)	Lee2003
Lee et al. (1982)	<pending>
Lee et al. (1981)	<pending>
Lee (1997)	<pending>
Lee & Kneib (1994)	<pending>
Lehmann (1976)	<pending>
Lehmann et al. (1974)	<pending>
Leidy (1855)	Leidy1855
Leidy (1888)	Leidy1888
Leiendecker & Leiendecker (1982)	<pending>
Leiendecker (1983)	<pending>
Leija-Tristán et al. (1990)	LeijaTristan1990
Lemos de Castro (1962)	Lemos1962
Lemos de Castro (1973)	<pending>
Lenz (1905)	Lenz1905
Lenz (1910)	Lenz1910
Lenz & Richters (1881)	Lenz1881
Lesser et al. (1976)	<pending>
Lesueur et al. (2013)	<pending>
Letzsch & Frey (1980)	<pending>
Leuven et al. (1982)	<pending>
Levin et al. (1996)	<pending>
Levinton & Allen (2005)	<pending>
Levinton & Judge (1993)	<pending>
Levinton et al. (1995)	<pending>
Levinton & Mackie (2013)	<pending>
Levinton et al. (2010)	<pending>
Levinton et al. (1996)	Levinton1996
Lewinsohn (1977)	Lewinsohn1977
Li (1996)	<pending>
Li (1991)	<pending>
Li et al. (2014)	<pending>
Liao et al. (2008)	<pending>
Lim (2004)	Lim2004
Lim (2006)	<pending>
Lim & Diong (2003)	<pending>
Lim & Heng (2007)	<pending>
Lim & Kalpana (2011)	<pending>
Lim et al. (2005)	Lim2005
Lim & Lim (2008)	<pending>
Lim & Rosiah (2007)	<pending>
Lim & Wong (2010)	<pending>
Lin (1949)	Lin1949
Lin et al. (2002)	<pending>
Liñán-Cabello et al. (2002)	<pending>
Lindblad (1969)	Lindblad1969
Linnaeus (1758)	Linnaeus1758
Linnaeus (1763)	Linnaeus1763
Linnaeus (1766)	Linnaeus1766
Lipschitz et al. (1975)	<pending>
Lira et al. (2013)	<pending>
Little & Epifanio (1991)	<pending>
Litulo (2004)	Litulo2004.2
Litulo (2004)	Litulo2004.1
Litulo (2004)	Litulo2004.3
Litulo (2005)	Litulo2005.1
Litulo (2005)	Litulo2005.3
Litulo (2005)	Litulo2005.2
Litulo (2006)	<pending>
Liu & Li (1994)	<pending>
Liu (1997)	<pending>
Liu & Laufer (1996)	<pending>
Lobo et al. (2014)	<pending>
Lockington (1877)	Lockington1877.1
Lockington (1877)	Lockington1877.2
Lockwood (1967)	<pending>
Loesel (2004)	<pending>
Long & Burke (2007)	<pending>
López-Duarte (2008)	<pending>
López-Duarte et al. (2011)	<pending>
López-Duarte & Tankersley (2005)	<pending>
López-Duarte & Tankersley (2007)	<pending>
López-Duarte & Tankersley (2009)	<pending>
López-Duarte & Tankersley (2009)	<pending>
Lord (1867)	Lord1867
Lotz et al. (1995)	<pending>
Lourenço et al. (2000)	<pending>
Lowe et al. (1971)	<pending>
Lu et al. (1997)	<pending>
Lucu (1990)	<pending>
Luederwaldt (1919)	Luederwaldt1919.2
Luederwaldt (1919)	Luederwaldt1919.1
Luederwaldt (1929)	Luederwaldt1929
Luk & Zajac (2013)	<pending>
Lukhaup & Pekny (2004)	<pending>
Lundoer (1974)	<pending>
Luquet et al. (1992)	<pending>
Luquet et al. (1995)	<pending>
Luquet et al. (1997)	<pending>
Lüschen et al. (1991)	<pending>
Lutz (1912)	Lutz1912
Maccagno (1928)	Maccagno1928
Mace & McGraw (1985)	Mace1985
Mace & Curran (2011)	<pending>
Machado et al. (2013)	<pending>
Macia et al. (2001)	Macia2001
Macintosh (1977)	<pending>
Macintosh (1978)	Macintosh1978
Macintosh (1979)	<pending>
Macintosh (1982)	<pending>
Macintosh (1984)	<pending>
Macintosh (1988)	Macintosh1988
Macintosh et al. (2002)	<pending>
MacLeay (1838)	MacLeay1838
Macnae (1963)	Macnae1963
Macnae (1966)	Macnae1966
Macnae (1968)	Macnae1968
Macnae & Kalik (1958)	Macnae1958
Macnae & Kalik (1962)	Macnae1962
Maitland (1990)	<pending>
Maki & Tsuchiya (1923)	Maki1923.1
Maki & Tsuchiya (1923)	Maki1923.2
Maloney et al. (1989)	<pending>
Malzone et al. (1966)	<pending>
Mancini (1992)	<pending>
Mangerich et al. (1987)	<pending>
Mangum (1973)	<pending>
Mangum (1993)	<pending>
Mangum (1993)	<pending>
Mangum (1996)	Mangum1996.3
Mangum & Greaves (1996)	Mangum1996.1
Mangum & McKenney (1996)	Mangum1996.2
Mangum & Reese (1990)	<pending>
Manning & Holthuis (1981)	Manning1981
Mantel & Levin (1973)	<pending>
Manwell & Baker (1963)	Manwell1963
Marcgrave (1648)	Marcgrave1648
Marguillier et al. (1997)	<pending>
Marinucci & Bartha (1982)	<pending>
Maris (1984)	<pending>
Maris & McConaugha (1983)	<pending>
Markham (2002)	<pending>
Markl (1986)	<pending>
Martin et al. (1984)	<pending>
Martínez (2004)	<pending>
Martins & Masunari (2013)	<pending>
Martins et al. (1959)	<pending>
Martins-Neto (2001)	MartinsNeto2001
Martins-Neto (2005)	MartinsNeto2005
Masunari (2006)	<pending>
Masunari (2012)	<pending>
Masunari & Dissenha (2005)	<pending>
Masunari et al. (2005)	<pending>
Masunari & Swiech-Ayoub (2003)	<pending>
Matsumasa et al. (2002)	<pending>
Matsumasa & Murai (2005)	<pending>
Matsumasa et al. (2013)	<pending>
Matthews (1930)	Matthews1930
Mattson (1988)	<pending>
Maurer et al. (1978)	<pending>
Mauroka (1976)	<pending>
Mautz et al. (2011)	<pending>
Mayer (1905)	Mayer1905
Mayes & Govind (1988)	<pending>
McCallum et al. (1991)	<pending>
McCarty et al. (1985)	<pending>
McConnell & Shelby (1970)	McConnell1970
McCraith (1998)	<pending>
McCraith et al. (2003)	<pending>
McDermott & Pope (2010)	<pending>
McEnerney & Davis (1977)	<pending>
McEnerney & Davis (1979)	<pending>
McFadden & Thurman (2003)	<pending>
McGrath et al. (1994)	<pending>
McIvor & Smith (1995)	<pending>
McKeller & Vernberg (1981)	<pending>
McKenney et al. (1996)	<pending>
McKeon & Feller (2004)	<pending>
McLain et al. (2010)	<pending>
McLain & Pratt (2007)	<pending>
McLain & Pratt (2008)	<pending>
McLain & Pratt (2010)	<pending>
McLain & Pratt (2011)	<pending>
McLain et al. (2003)	<pending>
McLain et al. (2005)	<pending>
McMahon et al. (1990)	<pending>
McNamara (1981)	<pending>
McNamara & Moreira (1983)	<pending>
McNeil et al. (1995)	<pending>
McNeil & Rompre (1995)	<pending>
McNeill (1920)	McNeill1920
McNeill (1962)	McNeill1962
McNeill (1968)	McNeil1968
McVay (1997)	<pending>
Medina (1992)	<pending>
Medina & Rodríguez (1992)	<pending>
Medina & Rodríguez (1992)	<pending>
Megušar (1912)	Megusar1912
Meiss & Norman (1977)	<pending>
Melo (1996)	<pending>
Melville & Choi (2013)	<pending>
Melville & Smith (1987)	<pending>
Mendes & Soares-Gomes (2013)	<pending>
Meng & Zou (2007)	<pending>
Meng & Zou (2009)	<pending>
Meng & Zou (2009)	<pending>
Meng & Zou (2009)	<pending>
Mense et al. (1995)	<pending>
Menzies & George (1972)	<pending>
Mertens (1940)	<pending>
Merz et al. (1999)	<pending>
Mesterton-Gibbons & Sherratt (2009)	<pending>
Meyerriecks (1965)	Meyerriecks1965
Meziane et al. (2006)	<pending>
Meziane et al. (2002)	Meziane2002
Meziane & Tsuchiya (2000)	<pending>
Meziane & Tsuchiya (2002)	<pending>
Michaels & Zieman (2002)	<pending>
Michaels & Zieman (2004)	<pending>
Michaels & Zieman (2013)	<pending>
Miers (1877)	Miers1877
Miers (1879)	Miers1879.2
Miers (1879)	Miers1879.1
Miers (1880)	Miers1880
Miers (1881)	Miers1881
Miers (1884)	Miers1884.1
Miers (1884)	Miers1884.2
Miers (1886)	Miers1886
Milke & Kennedy (2001)	<pending>
Miller (1961)	Miller1961
Miller (1965)	Miller1965
Miller (1969)	<pending>
Miller (1973)	<pending>
Miller & Vernberg (1968)	Miller1968
Miller & Maurer (1973)	<pending>
Miller et al. (2013)	<pending>
Milne Edwards (1837)	MilneEdwards1837.2
Milne Edwards (1837)	MilneEdwards1837.1
Milne Edwards (1852)	MilneEdwards1852
Milne Edwards (1853)	MilneEdwards1853
Milne Edwards (1854)	MilneEdwards1854.2
Milne Edwards (1854)	MilneEdwards1854.1
Milne Edwards & Lucas (1843)	MilneEdwards1843
Milne-Edwards (1862)	MilneEdwards1862
Milne-Edwards (1868)	MilneEdwards1868
Milne-Edwards (1873)	MilneEdwards1873
Milner (2012)	<pending>
Milner et al. (2010)	<pending>
Milner et al. (2010)	<pending>
Milner et al. (2010)	<pending>
Milner et al. (2008)	<pending>
Milner et al. (2010)	<pending>
Milner et al. (2010)	<pending>
Milner et al. (2011)	<pending>
Milner et al. (2011)	<pending>
Milner et al. (2012)	<pending>
Minello et al. (1994)	<pending>
Minemizu (2000)	Minemizu2000
Miranda & Collazo (1997)	<pending>
Miyake (1936)	Miyake1936
Miyake (1938)	Miayke1938
Miyake (1939)	Miyake1939
Miyake (1961)	Miyake1961
Miyake (1983)	Miyake1983
Miyawaki & Tsurada (1985)	<pending>
Moffett (1985)	<pending>
Moffett (1987)	<pending>
Mohrherr (1984)	<pending>
Mohrherr (1987)	<pending>
Mohrherr & Rao (1985)	<pending>
Mohrherr & Rao (1986)	<pending>
Mokhlesi et al. (2011)	<pending>
Mokhtari et al. (2008)	<pending>
Mokievsky et al. (2011)	<pending>
Molina (1810)	Molina1810
Moline & Netzer (2000)	<pending>
Monod (1923)	Monod1923
Monod (1927)	Monod1927
Monod (1929)	Monod1929
Monod (1931)	Monod1931
Monod (1933)	Monod1933
Monod (1956)	Monod1956
Monod & Nicou (1959)	Monod1959
Monserrat & Rodríguez (1995)	<pending>
Montague (1980)	<pending>
Montague (1980)	<pending>
Montague (1982)	<pending>
Mooney & Herreid (1982)	<pending>
Mooney & Herreid (1983)	<pending>
Moore (1990)	<pending>
Moore (1991)	<pending>
Moore et al. (1968)	Moore1968
Moreira (1901)	Moreira1901
Morgan (1990)	Morgan1990.1
Morgan (1987)	<pending>
Morgan (1987)	<pending>
Morgan (1990)	Morgan1990.2
Morgan (1992)	<pending>
Morgan (1994)	<pending>
Morgan (1996)	<pending>
Morgan & Anastasia (2008)	<pending>
Morgan & Christy (1994)	<pending>
Morgan & Christy (1995)	<pending>
Morgan & Christy (1996)	<pending>
Morgan & Christy (1997)	<pending>
Morgan & McAfee (1993)	<pending>
Morgan (1920)	Morgan1920
Morgan (1921)	Morgan1921
Morgan (1923)	Morgan1923.1
Morgan (1923)	Morgan1923.2
Morgan (1924)	Morgan1924
Morrell et al. (2005)	<pending>
Mortin & Marder (1991)	<pending>
Morton & Morton (1983)	<pending>
Morton & Morton (1994)	Morton1994
Moscoso (2012)	Moscoso2012
Moscoso (2013)	Moscoso2013
Mourente et al. (1994)	<pending>
Mouton & Felder (1995)	<pending>
Mouton & Felder (1996)	<pending>
Moyano et al. (2014)	<pending>
Mraz et al. (2005)	<pending>
Mrozek (1981)	<pending>
Müller (1864)	Muller1864
Müller (1869)	Muller1869
Müller (1881)	Muller1881
Müller (1887)	Muller1887
Müller (1983)	<pending>
Müller (1989)	<pending>
Mulstay (1987)	<pending>
Munguia et al. (2013)	<pending>
Murai (1992)	<pending>
Murai & Backwell (2005)	<pending>
Murai & Backwell (2006)	<pending>
Murai et al. (2009)	<pending>
Murai & Goshima (1987)	Murai1987.2
Murai et al. (1987)	Murai1987.1
Murai et al. (1996)	<pending>
Murai et al. (1982)	<pending>
Murai et al. (1983)	<pending>
Murai et al. (1995)	<pending>
Murai et al. (2002)	<pending>
Muramatsu (2009)	<pending>
Muramatsu (2010)	<pending>
Muramatsu (2010)	<pending>
Muramatsu (2011)	<pending>
Muramatsu (2011)	<pending>
Muramatsu (2005)	<pending>
Muraoka (1976)	<pending>
Musgrave (1929)	Musgrave1929
Mykles (1987)	<pending>
Nabout et al. (2010)	<pending>
Nabout et al. (2009)	<pending>
Nabout et al. (2010)	<pending>
Naderloo et al. (2013)	<pending>
Naderloo & Türkay (2012)	Naderloo2012
Naderloo et al. (2010)	Naderloo2010
Nagabhushanam (1963)	Nagabhushanam1963
Nagabhushanam (1964)	Nagabhushanam1964
Nagabhushanam (1966)	Nagabhushanam1966.1
Nagabhushanam (1966)	Nagabhushanam1966.2
Nagabhushanam (1968)	<pending>
Nagabhushanam (1968)	<pending>
Nagabhushanam (1969)	<pending>
Nagabhushanam (1971)	<pending>
Nagabhushanam & Chinnayya (1968)	<pending>
Nagabhushanam et al. (1979)	<pending>
Nagabhushanam & Rao (1967)	Nagabhushanam1967
Nagabhushanam & Sarojini (1968)	<pending>
Nagabhushanam et al. (1994)	<pending>
Nagaraju & Reddy (2002)	<pending>
Naiditch et al. (2001)	<pending>
Naiyanetr (1980)	Naiyanetr1980
Naiyanetr (2007)	Naiyanetr2007
Nakasone (1982)	<pending>
Nakasone et al. (1983)	Nakasone1983.1
Nakasone & Kawa (1983)	Nakasone1983.2
Nakasone & Murai (1998)	<pending>
Nakasone & Okadome (1981)	<pending>
Nammalwar (1977)	<pending>
Nässel et al. (1993)	<pending>
Nässel et al. (1991)	<pending>
Natunewicz (2000)	<pending>
Nauck (1880)	Nauck1880
Neck (1987)	Neck1987
Neff & Green (1970)	<pending>
Negreiros-Fransozo et al. (2003)	<pending>
Negreiros-Fransozo et al. (2009)	<pending>
Neiman & Barnwell (1997)	<pending>
Nellaiappan et al. (1989)	<pending>
Nelson & Hedgecock (1980)	<pending>
Nemec (1939)	Nemec1939
Netto & Grangeiro (2009)	<pending>
Neuffer et al. (2001)	<pending>
Ng & Davie (2002)	Ng2002
Ng et al. (2008)	Ng2008
Ng & Sivasothi (1999)	<pending>
Ng et al. (2001)	Ng2001
Ngo-Massou et al. (2012)	<pending>
Nickol et al. (2002)	<pending>
Nicolet (1849)	Nicolet1849
Nicou (1960)	<pending>
Nielsen et al. (2003)	<pending>
Nieto & McClary (2002)	<pending>
Nimmo et al. (1971)	Nimmo1971
Nixon (1959)	<pending>
Nobbs (1999)	<pending>
Nobbs (2003)	<pending>
Nobbs & McGuinness (1999)	<pending>
Nobili (1897)	Nobili1897
Nobili (1899)	Nobili1899.2
Nobili (1899)	Nobili1899.3
Nobili (1899)	Nobili1899.1
Nobili (1901)	Nobili1901.2
Nobili (1901)	Nobili1901.1
Nobili (1901)	Nobili1901.3
Nobili (1903)	Nobili1903.1
Nobili (1903)	Nobili1903.2
Nobili (1906)	Nobili1906.1
Nobili (1906)	Nobili1906.3
Nobili (1906)	Nobili1906.2
Nobili (1907)	Nobili1907
Nobre (1930)	Nobre1931.2
Nobre (1931)	Nobre1931.1
Nobre (1936)	Nobre1936
Nomann & Pennings (1998)	<pending>
Nösler (1963)	Nosler1963
Novak & Salmon (1974)	Novak1974
Nunnemacher (1966)	<pending>
Nutting (1919)	Nutting1919
O'Connor (1987)	<pending>
O'Connor (1989)	<pending>
O'Connor (1990)	<pending>
O'Connor (1990)	<pending>
O'Connor (1991)	<pending>
O'Connor (1992)	<pending>
O'Connor (1993)	<pending>
O'Connor (2005)	<pending>
O'Connor & Epifanio (1985)	<pending>
O'Connor & Gregg (1998)	<pending>
O'Connor & Judge (1996)	<pending>
O'Connor & Judge (1997)	<pending>
O'Connor & Judge (1999)	<pending>
O'Connor & Judge (2004)	<pending>
O'Connor & Judge (2010)	<pending>
O'Connor & Van (2006)	<pending>
Odon de Buen (1887)	OdondeBuen1887
Odum et al. (1969)	Odum1969
Ogburn & Forward (2009)	<pending>
O'Hara (1973)	<pending>
O'Hara (1973)	<pending>
Ohtani (1988)	<pending>
Ohzono & Miura (2012)	<pending>
Olafsson (2003)	<pending>
Ólafsson (1995)	<pending>
Ólafsson & Ndaro (1997)	<pending>
Oliveira (1939)	Oliveira1939.2
Oliveira (1939)	Oliveira1939.1
Oliveira (1939)	Oliveira1939.3
Oliveira (1950)	Oliveira1950
Oliveira & Krau (1953)	Oliveira1953
Oliveira & Moreira (1940)	Oliveira1940
Oliveira & Custódio (1998)	<pending>
Oliveira et al. (2000)	<pending>
Oliveira et al. (1998)	<pending>
Olivi (1792)	Olivi1792
Olivier (1811)	Olivier1811
Olivier (1811)	Olivier1811.2
Olivier et al. (1972)	<pending>
Olmos et al. (2001)	<pending>
Omori & Holthuis (2000)	<pending>
Omori & Holthuis (2005)	<pending>
Ono (1959)	Ono1959
Ono (1962)	Ono1962
Ono (1963)	<pending>
Ono (1965)	Ono1965
Orr (1955)	Orr1955
Ortmann (1894)	Ortmann1894.2
Ortmann (1894)	Ortmann1894.1
Ortmann (1897)	Ortmann1897
Osorio (1887)	Osorio1887
Osorio (1888)	Osorio1888
Osorio (1889)	Osorio1889
Osorio (1891)	Osorio1891
Osorio (1895)	Osorio1895.1
Osorio (1895)	Osorio1895.2
Osorio (1898)	Osorio1898
Osorio (1906)	Osorio1906
Osorio (1923)	Osorio1923
Otani (1993)	<pending>
Otani (1993)	<pending>
Otani et al. (1997)	<pending>
Overstreet (1983)	<pending>
Ovuru & Dambo (2003)	<pending>
Owen (1839)	Owen1839
Oyenekan (1995)	<pending>
Packard (1881)	Packard1881
Packard (2012)	<pending>
Packard (2013)	<pending>
Palmer (2004)	<pending>
Palmer (1962)	Palmer1962
Palmer (1963)	Palmer1963
Palmer (1964)	Palmer1964
Palmer (1973)	<pending>
Palmer (1988)	<pending>
Palmer (1989)	<pending>
Palmer (1989)	<pending>
Palmer (1990)	<pending>
Palmer (1990)	<pending>
Palmer (1990)	<pending>
Palmer (1991)	<pending>
Palmer (2000)	<pending>
Palmer (2002)	<pending>
Pamatmat (1978)	<pending>
Panikkar & Aiyar (1937)	Panikkar1937
Panikkar & Aiyar (1939)	Panikkar1939
Parisi (1918)	Parisi1918
Parra (1787)	Parra1787
Passano (1953)	Passano1953
Passano (1960)	Passano1960
Paula (1985)	<pending>
Paula et al. (2004)	<pending>
Paulmier (1905)	Paulmier1905
Paul'son (1875)	Paulson1875
Pawlik et al. (1980)	<pending>
Payen (1977)	<pending>
Pearse (1912)	Pearse1912.2
Pearse (1912)	Pearse1912.1
Pearse (1914)	Pearse1914.1
Pearse (1914)	Pearse1914.2
Pearse (1916)	Pearse1916
Pearse (1928)	Pearse1928
Pearse (1932)	Pearse1932
Pearse (1936)	Pearse1936
Pearse (1947)	Pearse1947
Pearson (1908)	Pearson1908
Peck (1994)	<pending>
Peery et al. (1990)	<pending>
Pelkie (1973)	<pending>
Penha-Lopes et al. (2009)	<pending>
Penha-Lopes et al. (2009)	<pending>
Pennington (1988)	<pending>
Pennington et al. (2004)	<pending>
Péqueux et al. (1979)	<pending>
Perez et al. (2012)	Perez2012
Pérez-Campos et al. (2012)	<pending>
Pérez-González (1957)	PerezGonzalez1957
Perona et al. (1997)	<pending>
Perry et al. (2008)	<pending>
Peso et al. (2014)	<pending>
Pesta (1911)	Pesta1911
Pesta (1912)	Pesta1912
Pesta (1913)	Pesta1913
Pesta (1918)	Pesta1918
Pesta (1931)	Pesta1931
Peters (1955)	Peters1955
Petit & Bildstein (1987)	<pending>
Petiver (1704)	Petiver1704
Petrone et al. (2005)	<pending>
Pezalla et al. (1978)	<pending>
Pfeffer (1889)	Pfeffer1889
Pico et al. (2003)	<pending>
Pierce et al. (2000)	<pending>
Pierce et al. (1996)	<pending>
Pillai & Nair (1973)	<pending>
Pillai (1951)	Pillai1951
Pillay & Nair (1971)	Pillay1971.2
Pillay & Nair (1971)	Pillay1971.1
Pillay & Nair (1973)	<pending>
Pillay & Nair (1973)	<pending>
Pinkney et al. (1999)	<pending>
Piso (1658)	Piso1658
Pitts & Cowley (1974)	<pending>
Platt et al. (2002)	<pending>
Plumier (?)	<pending>
Plumley et al. (1980)	<pending>
Pocock (1903)	Pocock1903
Poharkara et al. (In press)	<pending>
Pope (1995)	<pending>
Pope (1997)	<pending>
Pope (1998)	<pending>
Pope (2000)	<pending>
Pope (2000)	<pending>
Pope & Chang (2010)	<pending>
Pope & Haney (2008)	<pending>
Popper et al. (2001)	<pending>
Porter (1913)	Porter1913
Porter (1917)	Porter1917
Poupin (1996)	<pending>
Poupin (2008)	<pending>
Poupin (2010)	<pending>
Poupin & Juncker (2010)	<pending>
Powers (1973)	<pending>
Powers (1975)	<pending>
Powers (1975)	<pending>
Powers (1977)	Powers1977
Powers (1979)	<pending>
Powers & Bliss (1983)	<pending>
Powers & Cole (1976)	<pending>
Pralon & Negreiros-Fransozo (2008)	<pending>
Prasad et al. (2014)	<pending>
Prasadan & Janardanan (2001)	<pending>
Pratt & McLain (2002)	<pending>
Pratt & McLain (2006)	<pending>
Pratt et al. (2005)	<pending>
Pratt et al. (2002)	<pending>
Pratt et al. (2003)	<pending>
Pretzmann (1971)	Pretzmann1971
Pretzmann (1975)	<pending>
Pretzmann (1983)	<pending>
Pretzmann & Radda (1978)	<pending>
Price et al. (1987)	Price1987
Prieto et al. (2004)	<pending>
Przibram (1905)	<pending>
Przibram (1917)	Przibram1917
Pugh (1961)	<pending>
Purna Chandra Nagaraju et al. (2010)	<pending>
Quackenbush (1981)	<pending>
Quackenbush (1981)	<pending>
Quackenbush & Fingerman (1982)	<pending>
Quackenbush & Fingerman (1983)	<pending>
Quackenbush & Fingerman (1984)	<pending>
Quackenbush & Fingerman (1984)	<pending>
Quackenbush & Fingerman (1984)	<pending>
Quackenbush & Fingerman (1985)	<pending>
Quackenbush & Herrnkind (1980)	<pending>
Quackenbush & Herrnkind (1981)	<pending>
Quackenbush & Herrnkind (1981)	<pending>
Quackenbush & Herrnkind (1983)	<pending>
Quackenbush & Keeley (1987)	<pending>
Quackenbush & Keeley (1988)	<pending>
Quackenbush & Rao (1979)	<pending>
Quattrochi & Lee (1984)	<pending>
Qureshi & Saher (2012)	<pending>
Rabalais (1983)	<pending>
Rabalais (1984)	<pending>
Rabalais (1991)	<pending>
Rabalais & Cameron (1981)	<pending>
Rabalais & Cameron (1982)	<pending>
Rabalais & Cameron (1983)	<pending>
Rabalais & Cameron (1985)	<pending>
Rabalais & Cameron (1985)	<pending>
Rabalais & Gore (1985)	<pending>
Raben (1934)	Raben1934
Rademacher & Mengedoth (2011)	<pending>
Raderschall et al. (2011)	<pending>
Rafinesque (1817)	Rafinesque1817
Raj & al. (1927)	Raj1927
Rajendran (1972)	Rajendran1972
Rajeswari et al. (1982)	<pending>
Rajkumar (2012)	<pending>
Rajkumar et al. (2010)	<pending>
Rankin (1898)	Rankin1898
Rao & Rao (1982)	<pending>
Rao et al. (1980)	<pending>
Rao et al. (1983)	<pending>
Rao et al. (1985)	Rao1985.3
Rao et al. (1985)	Rao1985.4
Rao et al. (1984)	<pending>
Rao (1974)	<pending>
Rao (1977)	<pending>
Rao (1978)	<pending>
Rao (1985)	Rao1985.2
Rao et al. (1967)	Rao1967.3
Rao et al. (1968)	Rao1968.2
Rao & Brannon (1978)	<pending>
Rao et al. (1970)	Rao1970.5
Rao et al. (1970)	Rao1970.4
Rao & Fingerman (1968)	Rao1968.1
Rao & Fingerman (1968)	Rao1968.3
Rao & Fingerman (1968)	Rao1968.4
Rao & Fingerman (1969)	Rao1969
Rao & Fingerman (1970)	Rao1970.1
Rao & Fingerman (1970)	Rao1970.2
Rao et al. (1967)	Rao1967.1
Rao et al. (1971)	<pending>
Rao et al. (1972)	Rao1972
Rao & Hackett (1973)	<pending>
Rao & Milton (1970)	Rao1970.3
Rao & Milton (1975)	<pending>
Rao et al. (1986)	<pending>
Rao et al. (1987)	<pending>
Rao & Nagabhushanam (1967)	Rao1967.2
Rao & Riehm (1988)	<pending>
Rao & Riehm (1988)	<pending>
Rao & Riehm (1989)	<pending>
Rao et al. (1985)	Rao1985.1
Rathbun (1893)	Rathbun1893
Rathbun (1897)	Rathbun1897.2
Rathbun (1897)	Rathbun1897.1
Rathbun (1898)	Rathbun1898
Rathbun (1899)	Rathbun1899
Rathbun (1900)	Rathbun1900.1
Rathbun (1900)	Rathbun1900.3
Rathbun (1900)	Rathbun1900.2
Rathbun (1902)	Rathbun1902.1
Rathbun (1902)	Rathbun1902.2
Rathbun (1902)	Rathbun1902.3
Rathbun (1904)	Rathbun1904.2
Rathbun (1904)	Rathbun1904.1
Rathbun (1905)	Rathbun1905
Rathbun (1906)	Rathbun1906
Rathbun (1907)	Rathbun1907
Rathbun (1909)	Rathbun1909
Rathbun (1910)	Rathbun1910.1
Rathbun (1910)	Rathbun1910.2
Rathbun (1911)	Rathbun1911
Rathbun (1913)	Rathbun1913
Rathbun (1914)	Rathbun1914
Rathbun (1915)	Rathbun1915
Rathbun (1918)	Rathbun1918.1
Rathbun (1918)	Rathbun1918.2
Rathbun (1919)	Rathbun1919
Rathbun (1920)	Rathbun1920
Rathbun (1921)	Rathbun1921.3
Rathbun (1921)	Rathbun1921.2
Rathbun (1921)	Rathbun1921.1
Rathbun (1921)	Rathbun1921.4
Rathbun (1923)	Rathbun1923
Rathbun (1924)	Rathbun1924.3
Rathbun (1924)	Rathbun1924.2
Rathbun (1924)	Rathbun1924.4
Rathbun (1924)	Rathbun1924.1
Rathbun (1926)	Rathbun1926.2
Rathbun (1926)	Rathbun1926.1
Rathbun (1933)	Rathbun1933
Rathbun (1935)	Rathbun1935.3
Rathbun (1935)	Rathbun1935.1
Rathbun (1935)	Rathbun1935.2
Rathbun (1884)	Rathbun1884
Raut (1943)	Raut1943
Rawson & DeCoursey (1976)	<pending>
Raz-Guzman & Sanchez (1992)	<pending>
Reading & Backwell (2007)	<pending>
Reaney (2007)	<pending>
Reaney (2009)	<pending>
Reaney & Backwell (2007)	<pending>
Reaney & Backwell (2007)	<pending>
Reaney et al. (2012)	<pending>
Reaney et al. (2008)	<pending>
Reaney et al. (2008)	<pending>
Rebach (1983)	<pending>
Rebach & French (1996)	<pending>
Reddy & Fingerman (1995)	<pending>
Reddy et al. (1996)	<pending>
Reddy et al. (1997)	<pending>
Reichmuth et al. (2009)	<pending>
Reimold et al. (1975)	<pending>
Reinsel (1991)	<pending>
Reinsel (1992)	<pending>
Reinsel (1993)	<pending>
Reinsel (1994)	<pending>
Reinsel (1995)	<pending>
Reinsel (1995)	<pending>
Reinsel (2004)	<pending>
Reinsel & Rittschof (1995)	<pending>
Renshaw (2002)	<pending>
Retraubun (1995)	<pending>
Rheinsmith et al. (1974)	<pending>
Rhodes (1977)	<pending>
Rhodes (1977)	<pending>
Rhodes (1986)	<pending>
Ribeiro et al. (2006)	<pending>
Ribeiro et al. (2010)	<pending>
Ribeiro & Iribarne (2011)	<pending>
Ribeiro et al. (2005)	<pending>
Ribeiro et al. (2003)	<pending>
Ribeiro et al. (2004)	<pending>
Ribeiro et al. (2003)	<pending>
Rice (1980)	<pending>
Richards (1929)	Richards1929
Richards et al. (2011)	<pending>
Richardson et al. (1991)	<pending>
Richmond (1997)	<pending>
Richters (1880)	Richters1880
Ricketts & Calvin (1948)	<pending>
Ricketts et al. (1952)	<pending>
Ricketts et al. (1968)	<pending>
Ricketts et al. (1985)	Ricketts1985
Ridha (1980)	<pending>
Rieger (1996)	<pending>
Rieger (1998)	<pending>
Riegner (1983)	<pending>
Riehm & Rao (1985)	<pending>
Riehm & Rao (1986)	<pending>
Riehm & Rao (1987)	<pending>
Riehm et al. (1985)	<pending>
Ringold (1978)	<pending>
Ringold (1979)	<pending>
Ringold (1979)	<pending>
Ringold (1980)	<pending>
Rittschof & Buswell (1989)	<pending>
Rittschof et al. (1995)	<pending>
Robaldo & Monserrat (1999)	<pending>
Robertson (1980)	<pending>
Robertson (1983)	<pending>
Robertson et al. (1980)	<pending>
Robertson et al. (1981)	<pending>
Robertson & Newell (1982)	<pending>
Robertson & Newell (1982)	<pending>
Robertson & Pfeiffer (1982)	<pending>
Robinson & Dillaman (1985)	<pending>
Robinson & Harcourt (1982)	<pending>
Roccatagliata & Torres Jordá (2002)	<pending>
Rochebrune (1883)	Rochebrune1883
Rodelli et al. (1984)	<pending>
Rodgers et al. (2011)	<pending>
Rodríguez et al. (1997)	<pending>
Rodríguez & Jones (1993)	<pending>
Rodríguez & Dezi (1987)	<pending>
Rodríguez et al. (2000)	<pending>
Rodríguez & Lombardo (1991)	<pending>
Rodríguez et al. (1992)	<pending>
Rodriguez (1980)	<pending>
Rodriguez & Epifanio (2000)	<pending>
Rodríguez & Snedden (2004)	<pending>
Rosenberg (1997)	Rosenberg1997
Rosenberg (2000)	Rosenberg2000
Rosenberg (2001)	Rosenberg2001
Rosenberg (2002)	Rosenberg2002
Rosenberg (2013)	Rosenberg2013
Rosenberg (2014)	Rosenberg2014
Rossignol (1957)	Rossignol1957
Rothe et al. (1991)	<pending>
Roux (1917)	Roux1917
Roux (1927)	Roux1927
Rozas & LaSalle (1990)	<pending>
Rudenskaya (2003)	<pending>
Rudenskaya et al. (2004)	<pending>
Rulison (2010)	<pending>
Rumphius (1705)	Rumphius1705
Rumphius (1999)	<pending>
Rupp (2003)	<pending>
Rupp (2004)	<pending>
Rupp (2006)	<pending>
Rupp (2012)	<pending>
Rupp (2013)	<pending>
Rupp (2013)	<pending>
Rupp (2013)	<pending>
Rüppell (1830)	Ruppell1830
Rüppell (1831)	Ruppell1831
Ruppert & Fox (1988)	<pending>
Rush et al. (2010)	<pending>
Sachs (1665)	Sachs1665
Saigusa et al. (2003)	<pending>
Sainath et al. (2013)	<pending>
Sakai (1934)	Sakai1934
Sakai (1936)	Sakai1936
Sakai (1939)	Sakai1939
Sakai (1940)	Sakai1940
Sakai (1976)	Sakai1976.1
Sakai (1976)	Sakai1976.2
Salmon (1962)	Salmon1962.1
Salmon (1965)	Salmon1965
Salmon (1966)	<pending>
Salmon (1967)	Salmon1967
Salmon (1971)	Salmon1971
Salmon (1983)	<pending>
Salmon (1983)	<pending>
Salmon (1983)	<pending>
Salmon (1984)	Salmon1984.1
Salmon (1984)	Salmon1984.2
Salmon (1987)	Salmon1987.1
Salmon (1988)	<pending>
Salmon & Atsaides (1968)	Salmon1968.1
Salmon & Atsaides (1968)	Salmon1968.2
Salmon & Atsaides (1969)	Salmon1969
Salmon et al. (1979)	Salmon1979.2
Salmon & Horch (1972)	Salmon1972
Salmon & Horch (1973)	Salmon1973
Salmon & Horch (1976)	<pending>
Salmon et al. (1977)	<pending>
Salmon & Hyatt (1979)	Salmon1979
Salmon & Hyatt (1983)	<pending>
Salmon & Hyatt (1983)	<pending>
Salmon et al. (1978)	<pending>
Salmon & Kettler (1987)	Salmon1987.2
Salmon et al. (1986)	<pending>
Salmon & Stout (1962)	Salmon1962.2
Salmon & Zucker (1987)	<pending>
Salmon & Zucker (1988)	<pending>
Salomon & Graszynski (1982)	<pending>
Salvat (1964)	<pending>
Sanborn & Yu (1973)	<pending>
Sandeen (1950)	Sandeen1950
Sandeen & Wheatley (1962)	Sandeen1962
Sandifer (1973)	<pending>
Sandifer (1975)	<pending>
Sanford et al. (2006)	<pending>
Sankarankutty (1961)	Sankarankutty1961
Santoro & Koepp (1986)	<pending>
Sarika & Gopinathan (2014)	<pending>
Sarojini et al. (1995)	<pending>
Sarojini et al. (1993)	<pending>
Sarojini et al. (1995)	<pending>
Sarojini et al. (1992)	<pending>
Sarojini (1961)	Sarojini1961
Sarojini (1966)	Sarojini1966
Sasaki et al. (2014)	<pending>
Sasaki & Wada (1997)	<pending>
Sato (1936)	<pending>
Sato (1936)	<pending>
Sattelberg (1987)	<pending>
Saussure (1853)	Saussure1853
Saussure (1858)	Saussure1858
Saville-Kent (1897)	SavilleKent1897
Sawaya (1942)	<pending>
Say (1817-1818)	Say1817
Sayão-Aguiar et al. (2012)	<pending>
Schäfer (2006)	<pending>
Schenkel (1902)	Schenkel1902
Schinca (1992)	<pending>
Schmidt-Nielsen et al. (1968)	SchmidtNielsen1968
Schmitt (1921)	Schmitt1921
Schmitt (1965)	<pending>
Scholander et al. (1953)	Scholander1953
Schöne (1962)	<pending>
Schöne (1964)	<pending>
Schöne & Schöne (1963)	Schone1963
Schoor et al. (2000)	<pending>
Schramm (1867)	Schramm1867
Schreiner & Belanger (2002)	<pending>
Schreiner & Belanger (2003)	<pending>
Schreiner et al. (2003)	<pending>
Schroder (1947)	<pending>
Schwamborn et al. (1999)	<pending>
Schwamborn et al. (2002)	<pending>
Schwartz & Safir (1915)	Schwartz1915.1
Schwartz & Safir (1915)	Schwartz1915.2
Schwarz (1990)	<pending>
Schwarz & Graszynski (1989)	<pending>
Schwarz et al. (1985)	<pending>
Schweitzer et al. (2010)	Schweitzer2010
Schwing (1981)	<pending>
Scott & Mote (1974)	<pending>
Sears (1990)	<pending>
Sears & Rittschof (1991)	<pending>
Sears et al. (1991)	<pending>
Seba (1758)	Seba1758
Sedimeter & Keller (1978)	<pending>
Sedlmeier (1980)	<pending>
Seed & Hughes (1997)	<pending>
Selander et al. (1971)	Selander1971
Seliskar & Gallagher (2014)	<pending>
Semeniuk et al. (1982)	<pending>
Semmes et al. (1985)	<pending>
Sendler (1912)	Sendler1912
Sendler (1923)	Sendler1923
Sengupta (2012)	<pending>
Seno & Shigemoto (2007)	<pending>
Serène (1937)	Serene1937
Serène (1973)	<pending>
Serène (1973)	<pending>
Serène (1973)	<pending>
Severinghaus & Lin (1990)	<pending>
Sewell (1913)	Sewell1913
Shafer & Hackney (1987)	<pending>
Shanholtzer (1973)	<pending>
Shankaraiah et al. (1987)	<pending>
Shanks (1998)	<pending>
Sharma et al. (1987)	<pending>
Shaw & Nodder (1802)	Shaw1802
Shaw & Connell (1983)	<pending>
Shen (1937)	Shen1937.2
Shen (1937)	Shen1937.1
Shen (1940)	Shen1940.2
Shen (1932)	Shen1932
Shen (1940)	Shen1940.1
Shen (1984)	<pending>
Shigi et al. (2005)	<pending>
Shih (1988)	<pending>
Shih (1994)	<pending>
Shih (1997)	<pending>
Shih (1998)	Shih1998
Shih (1999)	Shih1999.1
Shih (1999)	Shih1999.2
Shih (2000)	<pending>
Shih (2001)	<pending>
Shih et al. (2009)	Shih2009
Shih et al. (2013)	Shih2013.2
Shih et al. (2005)	<pending>
Shih et al. (1999)	Shih1999.3
Shih et al. (2010)	Shih2010.1
Shih et al. (2010)	Shih2010.2
Shih et al. (2013)	Shih2013
Shih et al. (2012)	Shih2012
Shih (1990)	<pending>
Shih (1992)	<pending>
Shih (1992)	<pending>
Shih et al. (1989)	<pending>
Shih & Lan (1993)	<pending>
Shih et al. (1990)	<pending>
Shih et al. (1991)	<pending>
Shih & Tseng (1998)	<pending>
Shih & Tseng (1999)	<pending>
Shih & Wang (1993)	<pending>
Shih et al. (1996)	<pending>
Shimanaga et al. (2012)	<pending>
Shin et al. (2004)	<pending>
Shinn (1968)	<pending>
Shirafuji et al. (2002)	<pending>
Shisler & Jobbins (1977)	<pending>
Shock et al. (2009)	<pending>
Shyamal et al. (2014)	<pending>
Shyamasundari et al. (1996)	<pending>
Silbiger & Munguia (2008)	<pending>
Silliman et al. (2003)	<pending>
Silva et al. (2010)	<pending>
Silva & de Almeida (2002)	<pending>
Silva & Calado (2013)	<pending>
Silva-Falcão et al. (2007)	<pending>
Silverthorn (1973)	<pending>
Silverthorn (1973)	<pending>
Silverthorn (1975)	<pending>
Silverthorn (1975)	<pending>
Silverthorn (1975)	<pending>
Simith et al. (2012)	<pending>
Simith & Diele (2008)	<pending>
Simith et al. (2010)	<pending>
Simões et al. (2001)	<pending>
Sivertsen (1934)	Silvertsen1934
Skinner (1985)	<pending>
Skinner & Graham (1972)	Skinner1972
Skobe & Nunnemacher (1970)	<pending>
Skov & Hartnoll (2001)	Skov2001
Skov et al. (2005)	<pending>
Skov et al. (2002)	Skov2002
Slatyer et al. (2008)	<pending>
Slatyer et al. (2012)	<pending>
Sloane (1725)	Sloane1725
Smith et al. (2003)	<pending>
Smith & Weldon (1909)	Smith1909
Smith (2001)	<pending>
Smith et al. (2007)	<pending>
Smith et al. (2009)	<pending>
Smith (1869)	Smith1869
Smith (1870)	Smith1870.1
Smith (1870)	Smith1870.2
Smith (1871)	Smith1871
Smith (1878)	Smith1878
Smith & Tyrrell (2012)	<pending>
Smith & Miller (1973)	<pending>
Smolka & Hemmi (2009)	<pending>
Smolka et al. (2013)	<pending>
Smolka et al. (2011)	<pending>
Snelling (1959)	Snelling1959
Snowden & Ekweozor (1987)	<pending>
Snowden & Ekweozor (1990)	<pending>
Snyder & Green (1970)	<pending>
Sourie (1954)	Sourie1954.1
Sourie (1954)	Sourie1954.2
Sourie (1957)	Sourie1957
Spaargaren (1975)	<pending>
Spaargaren (1977)	<pending>
Spindler et al. (1976)	<pending>
Spindler-Barth (1976)	<pending>
Spirito (1969)	Spirito1969
Spirito (1970)	Spirito1970.2
Spirito (1970)	Spirito1970.1
Spivak & Cuesta (2009)	Spivak2009
Spivak et al. (1991)	<pending>
Springer & Mitchell (1953)	Springer1953
Staszak & Armitage (2013)	<pending>
Station & Felder (1990)	<pending>
Staton et al. (2014)	<pending>
Staub (1983)	<pending>
Staub & Fingerman (1982)	<pending>
Staub & Fingerman (1983)	<pending>
Staub & Fingerman (1984)	<pending>
Staub & Fingerman (1984)	<pending>
Stebbing (1905)	Stebbing1905
Stebbing (1910)	Stebbing1910
Stebbing (1917)	Stebbing1917
Stebbing (1921)	Stebbing1921
Stephens (1957)	Stephens1957
Stephens (1962)	Stephens1962
Stephens et al. (1956)	Stephens1956
Stephens & Schinske (1961)	Stephens1961
Stephens et al. (1964)	Stephens1964
Stephensen (1921)	Stephensen1921
Stephensen (1946)	Stephensen1946
Stephenson et al. (1931)	Stephenson1931
Steppe & Epifanio (2006)	<pending>
Sterling et al. (1982)	<pending>
Stevcic (1998)	<pending>
Stevens et al. (2013)	<pending>
Stewart & Green (1968)	Stewart1968
Stewart & Green (1969)	<pending>
Stienen et al. (2008)	<pending>
Stillman & Barnwell (2004)	<pending>
Stimpson (1858)	Stimpson1858
Stimpson (1859)	Stimpson1859
Stimpson (1860)	Stimpson1860
Stimpson (1907)	Stimpson1907
Stossich (1878)	Stossich1878
Stossich (1880)	Stossich1880
Streets (1872)	Streets1872
Streets (1877)	Streets1877
Studer (1883)	Studer1883
Stueckle (2008)	<pending>
Stueckle et al. (2008)	<pending>
Stueckle et al. (2008)	<pending>
Stueckle et al. (2009)	<pending>
Sturmbauer et al. (1996)	Sturmbauer1996
Su & Lue (1984)	<pending>
Subburajo et al. (1988)	<pending>
Subrahmanyam et al. (1976)	<pending>
Subramanian (1984)	<pending>
Suiken (~1826)	Suiken1826
Sullivan et al. (1983)	<pending>
Sullivan & Tentori (1981)	<pending>
Sullivan (1909)	Sullivan1909
Summers (1967)	Summers1967
Summers (1968)	Summers1968
Sumner et al. (1911)	Sumner1911
Suñer et al. (1999)	<pending>
Suvatti (1938)	Suvatti1938
Suvatti (1950)	Suvatti1950
Suzawa et al. (1993)	Suzawa1993
Swanson et al. (2013)	<pending>
Swennen et al. (1982)	<pending>
Symons (1920)	Symons1920
Takahashi & Seifter (1972)	<pending>
Takahasi (1934)	Takahasi1934.1
Takahasi (1934)	Takahasi1934.2
Takahasi (1934)	Takahasi1934.3
Takahasi (1935)	Takahasi1935
Takeda (1995)	Takeda1995
Takeda (1996)	<pending>
Takeda & Nunomura (1976)	<pending>
Takeda & Yamaguchi (1973)	Takeda1973
Takeda (2003)	<pending>
Takeda (2006)	<pending>
Takeda (2010)	<pending>
Takeda et al. (1996)	<pending>
Takeda & Murai (1993)	<pending>
Takeda & Murai (2003)	<pending>
Takeda & Murai (2004)	<pending>
Takeda et al. (2004)	<pending>
Tanaka et al. (2004)	Tanaka2004
Tanakayoneda et al. (1997)	<pending>
Tang et al. (2014)	<pending>
Tankersley & Forward (1994)	<pending>
Tankersley et al. (1995)	<pending>
Targioni Tozzetti (1877)	TargioniTozzetti1877
Tashian (1956)	Tashian1956
Tashian & Vernberg (1958)	Tashian1958
Tautz (1990)	<pending>
Tavares (1993)	Tavares1993
Tavares & de Mendonça (2003)	<pending>
Taylor (1968)	Taylor1968
Tazelaar (1933)	Tazelaar1933
Teal (1958)	Teal1958
Teal (1959)	Teal1959
Teal (1962)	Teal1962
Teal & Carey (1967)	Teal1967
Teal et al. (1992)	<pending>
Teal et al. (1982)	<pending>
Techa & Chung (2013)	<pending>
Teller (1982)	<pending>
Teller (1982)	<pending>
Teller (1984)	<pending>
Teller & Graszynski (1982)	<pending>
Teller & Graszynski (1983)	<pending>
Tenison-Woods (1881)	TenisonWoods1881
Tennent (1861)	Tennent1861
Terada (1979)	<pending>
Tesch (1918)	Tesch1918
Thallwitz (1891)	Thallwitz1891
Thibault & McNeil (1994)	<pending>
Thibault & McNeil (1995)	<pending>
Thomas (2004)	<pending>
Thomas (2004)	<pending>
Thomas & Blum (2010)	<pending>
Thompson (1901)	Thompson1901
Thompson et al. (1987)	<pending>
Thompson et al. (1989)	<pending>
Thorbjarnarson (1988)	<pending>
Thurman (1977)	<pending>
Thurman (1979)	Thurman1979
Thurman (1981)	Thurman1981.1
Thurman (1982)	Thurman1982
Thurman (1984)	Thurman1984.1
Thurman (1984)	Thurman1984.2
Thurman (1985)	<pending>
Thurman (1987)	Thurman1987.1
Thurman (1987)	Thurman1987.2
Thurman (1988)	<pending>
Thurman (1990)	<pending>
Thurman (1994)	<pending>
Thurman (1996)	<pending>
Thurman (1998)	<pending>
Thurman (1998)	<pending>
Thurman (1998)	<pending>
Thurman (2000)	<pending>
Thurman (2001)	<pending>
Thurman (2002)	<pending>
Thurman (2003)	<pending>
Thurman (2003)	<pending>
Thurman (2004)	<pending>
Thurman (2004)	<pending>
Thurman (2005)	<pending>
Thurman (2005)	<pending>
Thurman & Barnwell (1977)	<pending>
Thurman & Broghammer (2001)	<pending>
Thurman et al. (2013)	Thurman2013.1
Thurman et al. (2010)	Thurman2010
Thurman et al. (2007)	<pending>
Thurman & Thurman (1981)	Thurman1981.2
Tilden et al. (2001)	<pending>
Tilden et al. (2003)	<pending>
Tilden et al. (2001)	<pending>
Tilden et al. (2004)	<pending>
Tilden et al. (2001)	<pending>
Tilden et al. (1997)	<pending>
Tilden et al. (2000)	<pending>
Tilden et al. (2003)	<pending>
Tirmizi & Ghani (1996)	Tirmizi1996
Torres et al. (2008)	<pending>
Torres et al. (2009)	<pending>
Toups & Zou (2007)	<pending>
Trager (1957)	Trager1957
Trinkaus-Randall (1981)	<pending>
Trinkaus-Randall (1982)	<pending>
Trinkaus-Randall & Govind (1985)	<pending>
Trinkaus-Randall & Mittenthal (1978)	<pending>
Trott et al. (1995)	<pending>
Trott  et al. (1997)	<pending>
Truchot (1978)	<pending>
Truesdale & Andryszak (1983)	<pending>
Tsai et al. (1991)	<pending>
Tsai & Lin (2007)	<pending>
Tsu (1995)	<pending>
Tsu & Craik (1996)	Tsu1996
Tsu et al. (1993)	<pending>
Tsu et al. (1997)	<pending>
Tsu et al. (1994)	<pending>
Tuberty (2001)	<pending>
Tuberty et al. (2000)	<pending>
Tucker et al. (1995)	<pending>
Tucker et al. (1997)	<pending>
Tue et al. (2012)	<pending>
Tuma et al. (1993)	<pending>
Turner (2001)	<pending>
Turpin et al. (1970)	<pending>
Twain (1883)	Twain1883
Tweedie (1937)	Tweedie1937
Tweedie (1948)	<pending>
Tweedie (1950)	Tweedie1950.2
Tweedie (1950)	Tweedie1950.1
Tweedie (1952)	<pending>
Tweedie (1954)	Tweedie1954
Tzeng & Chen (1992)	Tzeng1992
Ubaldo et al. (2014)	<pending>
Uhler (1878)	Uhler1878
Underwood et al. (2013)	Underwood2013
Underwood (1990)	<pending>
Unglaub (1971)	<pending>
Utrera-López & Capistrán-Barradas (2013)	UtreraLopez2013
Vacca (1969)	<pending>
Vacca (1973)	<pending>
Vacca & Fingerman (1975)	<pending>
Vacca & Fingerman (1975)	<pending>
Vacca & Fingerman (1983)	<pending>
Vala et al. (2001)	<pending>
Valero et al. (1999)	<pending>
Valiela et al. (1974)	<pending>
van Delft (1968)	<pending>
Van Laarhoven et al. (1993)	<pending>
Van Ort et al. (2006)	<pending>
Vanhöffen (1916)	Vanhoffen1916
Vanhove et al. (1992)	<pending>
Vannini (1980)	<pending>
Vannini et al. (2001)	<pending>
Vannini & Valmori (1981)	Vannini1981
Vatova (1943)	Vatova1943
Veitch (1978)	<pending>
Vélez (1967)	Velez1967
Ventura et al. (2010)	<pending>
Vermeiren & Sheaves (2014)	<pending>
Vernberg (1955)	Vernberg1955
Vernberg (1956)	Vernberg1956
Vernberg (1959)	Vernberg1959.2
Vernberg (1959)	Vernberg1959.3
Vernberg (1960)	Vernberg1960
Vernberg (1963)	Vernberg1963
Vernberg (1969)	Vernberg1969.2
Vernberg (1984)	<pending>
Vernberg (1984)	<pending>
Vernberg & Costlow (1966)	Vernberg1966.1
Vernberg & Costlow (1966)	Vernberg1966.2
Vernberg & Dame (1981)	<pending>
Vernberg et al. (1977)	<pending>
Vernberg et al. (1978)	<pending>
Vernberg & Tashian (1959)	Vernberg1959.1
Vernberg & Vernberg (1966)	Vernberg1966.4
Vernberg & Vernberg (1966)	Vernberg1966.5
Vernberg & Vernberg (1967)	Vernberg1967.2
Vernberg & Vernberg (1967)	Vernberg1967.1
Vernberg & Vernberg (1969)	Vernberg1969.1
Vernberg & Vernberg (1970)	Vernberg1970
Vernberg & Vernberg (1973)	<pending>
Vernberg & Vernberg (1975)	<pending>
Vernberg (1983)	<pending>
Vernberg et al. (1974)	<pending>
Vernberg et al. (1974)	<pending>
Vernberg & O'Hara (1972)	Vernberg1972.2
Vernberg & Vernberg (1966)	Vernberg1966.3
Vernberg & Vernberg (1968)	Vernberg1968.1
Vernberg & Vernberg (1968)	Vernberg1968.2
Vernberg & Vernberg (1972)	<pending>
Vernberg & Vernberg (1972)	Vernberg1972.1
Vernet-Cornubert (1961)	<pending>
Verrill (1873)	Verrill1873
Verrill (1908)	Verrill1908
Verrill & Smith (1874)	Verrill1874
Verwey (1930)	Verwey1930
Vigh (1985)	<pending>
Vigh & Fingerman (1982)	<pending>
Vigh & Fingerman (1985)	<pending>
Vilela (1939)	Vilela1939
Vilela (1949)	Vilela1949
Villela & Oliveira (1941)	<pending>
Villela & Oliveira (1941)	<pending>
Viscido (2000)	<pending>
Viscido et al. (2001)	<pending>
Viscido et al. (2002)	<pending>
Viscido & Wethey (2002)	<pending>
Vogt (1969)	<pending>
von Hagen (1961)	vonHagen1961
von Hagen (1962)	vonHagen1962.2
von Hagen (1962)	vonHagen1962.1
von Hagen (1967)	vonHagen1967.1
von Hagen (1967)	vonHagen1967.3
von Hagen (1967)	vonHagen1967.2
von Hagen (1968)	vonHagen1968.2
von Hagen (1969)	vonHagen1969
von Hagen (1970)	vonHagen1970.4
von Hagen (1970)	vonHagen1970.2
von Hagen (1970)	vonHagen1970.1
von Hagen (1970)	vonHagen1970.3
von Hagen (1975)	<pending>
von Hagen (1976)	<pending>
von Hagen (1980)	vonHagen1980
von Hagen (1983)	<pending>
von Hagen (1984)	<pending>
von Hagen (1987)	vonHagen1987.2
von Hagen (1987)	vonHagen1987.1
von Hagen (1993)	<pending>
von Hagen (2000)	<pending>
von Hagen & Holthuis (1968)	vonHagen1968.1
von Hagen & Jones (1989)	vonHagen1989
von Ihering (1897)	vonIhering1897
von Martens (1867)	vonMartens1867
von Martens (1868)	vonMartens1868
von Martens (1869)	vonMartens1869
von Martens (1872)	vonMartens1872
von Prahl (1981)	vonPrahl1981.1
von Prahl (1982)	vonPrahl1982
von Prahl & Guhl (1981)	vonPrahl1981.2
von Prahl & Toro (1985)	vonPrahl1985
Wada & Murata (2000)	<pending>
Wada et al. (2011)	<pending>
Wada & Wowor (1989)	<pending>
Wagener (1634-1641?)	<pending>
Wagner & Foreman (1981)	<pending>
Wagner-Merner (1979)	<pending>
Wainwright & Friel (2000)	<pending>
Walker (1887)	Walker1887
Walker (1972)	Walker1972
Wallace (1967)	<pending>
Wallace et al. (1967)	Wallace1967
Walls & Layne (2009)	<pending>
Walls & Layne (2009)	<pending>
Wang (1984)	<pending>
Wang & Liu (1996)	<pending>
Wang et al. (2010)	<pending>
Wanson & Pequeux (1984)	<pending>
Wanson et al. (1984)	<pending>
Ward & Busch (1976)	<pending>
Ward & Howes (1974)	<pending>
Ward et al. (1976)	<pending>
Ward (1928)	Ward1928
Ward (1939)	Ward1939
Ward (1941)	Ward1941
Ward (1942)	Ward1942
Warner (1969)	Warner1969
Warner (1977)	<pending>
Warwick et al. (2009)	<pending>
Wass (1961)	Wass1961
Wass (1963)	Wass1963
Wass (1965)	Wass1965
Watling (1986)	<pending>
Watts (1988)	<pending>
Weatherly (1976)	<pending>
Weaver (2000)	<pending>
Weaver & Salmon (2002)	<pending>
Webb (1950)	Webb1950.1
Webb (1950)	Webb1950.2
Webb (1960)	Webb1960
Webb (1966)	<pending>
Webb (1971)	Webb1971
Webb (1972)	Webb1972
Webb (1976)	<pending>
Webb (1977)	<pending>
Webb (1983)	<pending>
Webb et al. (1954)	Webb1954.2
Webb & Brown (1958)	Webb1958
Webb & Brown (1959)	Webb1959
Webb & Brown (1961)	Webb1961
Webb & Brown (1965)	Webb1965
Webb et al. (1954)	Webb1954.1
Webb & Stokes Lewis (1977)	<pending>
Wehrtmann & Dittel (1990)	<pending>
Weinstein (1993)	<pending>
Weinstein (1998)	<pending>
Weinstein & Full (2000)	<pending>
Weinstein et al. (1987)	<pending>
Weinstein et al. (1985)	<pending>
Weis (1976)	<pending>
Weis (1976)	<pending>
Weis (1976)	<pending>
Weis (1977)	<pending>
Weis (1977)	<pending>
Weis (1978)	<pending>
Weis (1978)	<pending>
Weis (1980)	<pending>
Weis (1985)	<pending>
Weis et al. (2011)	<pending>
Weis et al. (1987)	<pending>
Weis et al. (1986)	<pending>
Weis et al. (1987)	<pending>
Weis & Kim (1986)	<pending>
Weis & Kim (1988)	<pending>
Weis & Mantel (1976)	<pending>
Weis & Perlmutter (1987)	<pending>
Weis & Perlmutter (1987)	<pending>
Weis & Weis (1979)	<pending>
Weis & Weis (1979)	<pending>
Weis & Weis (1988)	<pending>
Weis & Weis (1992)	<pending>
Weis & Weis (2000)	<pending>
Weis & Weis (2004)	<pending>
Weis et al. (2002)	<pending>
Weis et al. (1991)	<pending>
Weis et al. (1992)	<pending>
Weisberg & Lotrich (1982)	<pending>
Weissburg (1990)	<pending>
Weissburg (1991)	<pending>
Weissburg (1992)	<pending>
Weissburg (1993)	<pending>
Weissburg (1998)	<pending>
Weissburg (1999)	<pending>
Weissburg (2000)	<pending>
Weissburg (2001)	<pending>
Weissburg & Derby (1994)	<pending>
Weissburg & Derby (1994)	<pending>
Weissburg & Derby (1995)	<pending>
Weissburg et al. (2001)	<pending>
Weissburg et al. (1995)	<pending>
Weissburg et al. (1993)	<pending>
Weissburg et al. (1996)	<pending>
Weissburg & Zimmer-Faust (1991)	<pending>
Welch et al. (1997)	<pending>
Welgus & Grant (1983)	<pending>
Welgus et al. (1982)	<pending>
Wenner et al. (1989)	<pending>
Werner (1938)	Werner1938
West-Eberhard (In press)	<pending>
Wetherbee (1996)	<pending>
Wheeler (1978)	<pending>
Whelan (2005)	<pending>
White (1847)	White1847.1
White (1847)	White1847.2
Whitelaw & Zajac (2002)	<pending>
Whitelegge (1898)	Whitelegge1898
Whiting & Moshiri (1974)	<pending>
Whitten et al. (1950)	Whitten1950
Wicksten (1977?)	<pending>
Wicksten (2008)	<pending>
Wieman et al. (2014)	<pending>
Wilkens (1960)	Wilkens1960
Wilkens & Fingerman (1965)	Wilkens1965
Williams (1965)	Williams1965
Williams (1984)	<pending>
Williams & Heng (1981)	Williams1981
Williams et al. (1980)	<pending>
Wilson (1985)	<pending>
Wilson (1989)	<pending>
Windom et al. (1976)	<pending>
Windsor et al. (2005)	<pending>
Winger et al. (1990)	<pending>
Winstead & Thurman (2006)	<pending>
Winstead & Thurman (2006)	<pending>
Wlodawer et al. (2004)	<pending>
Wolcott & Wolcott (1987)	<pending>
Wolf & Fanning (1970)	Wolf1970
Wolf et al. (1975)	<pending>
Wolff et al. (2000)	<pending>
Wolfrath (1991)	<pending>
Wolfrath (1992)	<pending>
Wolfrath (1992)	<pending>
Wolfrath (1993)	<pending>
Wolin & Laufer (1971)	<pending>
Wolin et al. (1973)	<pending>
Won & Sa Heung (1995)	<pending>
Wong et al. (2005)	<pending>
Wong & Anderson (1990)	<pending>
Wong et al. (1989)	<pending>
Woods et al. (1958)	Woods1958
Wranik (1998)	<pending>
Wright & Roosenburg (1982)	<pending>
Wright et al. (1983)	<pending>
Wright et al. (1984)	<pending>
Wu (1992)	<pending>
Wu (2003)	<pending>
Wu et al. (1999)	<pending>
Wu et al. (2002)	<pending>
Wu et al. (2003)	<pending>
Wu et al. (2004)	<pending>
Wu et al. (2004)	<pending>
Wu et al. (1962)	<pending>
Wurtz & Roback (1955)	Wurtz1955
Xie & Gao (2009)	<pending>
Yamaguchi (1970)	Yamaguchi1970
Yamaguchi (1971)	Yamaguchi1971
Yamaguchi (1973)	Yamaguchi1973
Yamaguchi (1977)	Yamaguchi1977
Yamaguchi (1978)	Yamaguchi1978
Yamaguchi (1983)	Yamaguchi1983
Yamaguchi (1993)	Yamaguchi1993.1
Yamaguchi (1993)	Yamaguchi1993.3
Yamaguchi (1994)	Yamaguchi1994
Yamaguchi (1998)	<pending>
Yamaguchi (1998)	<pending>
Yamaguchi (2000)	Yamaguchi2000.1
Yamaguchi (2001)	Yamaguchi2001.2
Yamaguchi (2001)	Yamaguchi2001.5
Yamaguchi (2001)	Yamaguchi2001.7
Yamaguchi (2001)	Yamaguchi2001.4
Yamaguchi (2001)	Yamaguchi2001.3
Yamaguchi (2001)	Yamaguchi2001.6
Yamaguchi (2002)	<pending>
Yamaguchi (2003)	<pending>
Yamaguchi & Baba (1993)	Yamaguchi1993.2
Yamaguchi & Henmi (2001)	Yamaguchi2001.8
Yamaguchi et al. (2005)	<pending>
Yamaguchi et al. (2005)	<pending>
Yamaguchi & Holthuis (2001)	Yamaguchi2001.1
Yamaguchi & Ogata (2000)	Yamaguchi2000.2
Yamaguchi & Tabata (2004)	<pending>
Yamaguchi & Takeda (1973)	Yamaghuchi1973.2
Yang et al. (2014)	Yang2014
Yasuda (1996)	<pending>
Yeh (1996)	<pending>
Yeragi (1988)	<pending>
Yeragi & Koli (1999)	<pending>
Yeragi et al. (2000)	<pending>
Yeragi et al. (2002)	<pending>
Yerkes (1901)	Yerkes1901
Yoder et al. (2010)	<pending>
Yoder et al. (2005)	<pending>
Yoder et al. (2007)	<pending>
Young (1900)	Young1900
Young & Ambrose (1978)	<pending>
Young (1974)	<pending>
Young & Govind (1983)	<pending>
Yparreguirre (1981)	<pending>
Yu et al. (1975)	<pending>
Yu & Kim (2012)	<pending>
Zahnow (1987)	<pending>
Zahnow & Rao (1985)	<pending>
Zanders & Rojas (1996)	<pending>
Zanders & Rojas (1996)	<pending>
Zanders & Rojas (1996)	<pending>
Zann (1979)	<pending>
Zehntner (1894)	Zehntner1894
Zeil (1998)	<pending>
Zeil & Al-Mutairi (1996)	<pending>
Zeil & Hemmi (2001)	<pending>
Zeil & Hemmi (2001)	<pending>
Zeil & Hemmi (2006)	<pending>
Zeil et al. (2006)	<pending>
Zeil & Hofmann (2001)	<pending>
Zeil & Layne (2002)	<pending>
Zeil et al. (1986)	<pending>
Zeil & Zanker (1997)	<pending>
Zeleny (1905)	<pending>
Zeleny (1905)	Zeleny1905.1
Zerbini & Berberian (1974)	<pending>
Zhong et al. (2003)	<pending>
Zhu et al. (2012)	<pending>
Zimmer et al. (1999)	<pending>
Zou (1999)	<pending>
Zou (2003)	<pending>
Zou (2005)	<pending>
Zou (2005)	<pending>
Zou (2007)	<pending>
Zou & Bonvillain (2003)	<pending>
Zou & Bonvillain (2003)	<pending>
Zou & Bonvillain (2004)	<pending>
Zou & Bonvillain (2004)	<pending>
Zou & Fingerman (1998)	<pending>
Zou & Fingerman (1999)	<pending>
Zou & Fingerman (1999)	<pending>
Zou & Fingerman (1999)	<pending>
Zou & Fingerman (1999)	<pending>
Zou & Fingerman (1999)	<pending>
Zou & Fingerman (2000)	<pending>
Zucker (1972)	<pending>
Zucker (1973)	<pending>
Zucker (1974)	<pending>
Zucker (1976)	<pending>
Zucker (1977)	<pending>
Zucker (1978)	<pending>
Zucker (1980)	<pending>
Zucker (1981)	<pending>
Zucker (1983)	<pending>
Zucker (1984)	<pending>
Zucker (1986)	<pending>
Zucker & Denny (1979)	<pending>
Zulkifli et al. (2012)	<pending>
Zwarts (1984)	<pending>
Zwarts (1985)	<pending>
Zwarts (1988)	<pending>
Zwarts (1990)	<pending>
Zwarts & Blomert (1990)	<pending>
Zwarts & Dirksen (1989)	<pending>
Zwarts & Dirksen (1990)	<pending>
